student_id,dsa_score,sql_score,python_score,communication_score,aptitude_score,problem_solving_score
1,9,9,8,6,7,5
2,5,8,7,6,4,6
3,4,8,8,10,7,9
4,7,7,6,6,8,6
5,7,5,6,4,8,8
6,9,6,5,8,5,5
7,3,5,6,8,3,7
8,8,7,4,5,8,7
9,7,3,8,8,4,7
10,9,5,4,8,7,10
11,6,6,7,7,6,4
12,5,3,5,5,6,5
13,6,10,10,9,8,6
14,6,5,6,7,10,4
15,6,5,4,9,3,5
16,7,6,5,7,8,5
17,3,7,5,7,6,6
18,5,3,3,7,8,6
19,2,9,8,7,6,3
20,8,10,6,8,3,8
21,3,10,8,6,3,9
22,5,7,5,1,5,5
23,7,8,2,5,2,5
24,5,2,8,3,10,2
25,5,3,6,7,1,6
26,6,8,4,7,8,4
27,2,10,5,7,9,9
28,8,6,10,6,7,8
29,6,4,5,7,4,5
30,6,6,8,7,7,5
31,3,5,6,7,3,2
32,9,6,6,5,4,2
33,6,8,4,3,6,10
34,5,5,7,6,4,4
35,5,9,5,4,6,5
36,6,4,7,6,6,10
37,6,6,8,8,2,4
38,3,7,3,9,2,9
39,7,6,7,6,4,6
40,8,8,7,9,5,2
41,2,6,4,7,3,7
42,10,7,8,7,3,5
43,6,5,2,6,7,5
44,6,9,2,7,9,8
45,9,3,2,5,8,5
46,8,6,7,5,7,6
47,6,6,6,8,9,7
48,5,5,6,6,8,10
49,9,7,6,7,8,4
50,6,9,6,7,7,6
51,6,3,2,7,5,4
52,9,8,8,7,5,7
53,3,8,3,9,10,5
54,9,8,6,7,6,2
55,9,9,7,6,10,7
56,5,3,8,6,10,6
57,6,5,9,9,7,8
58,3,6,6,8,2,6
59,5,2,4,7,10,3
60,7,6,6,4,8,7
61,8,6,7,5,6,10
62,8,7,7,6,9,6
63,6,9,7,7,6,4
64,6,7,6,5,4,4
65,6,9,6,6,6,7
66,4,5,7,6,10,2
67,9,5,7,9,5,6
68,7,9,7,6,4,8
69,8,5,6,6,7,7
70,5,7,5,8,7,7
71,5,1,6,6,4,7
72,2,9,6,4,8,4
73,8,4,6,6,8,5
74,3,4,6,10,5,5
75,6,9,8,7,8,5
76,8,2,4,6,8,6
77,6,6,4,6,4,2
78,8,7,4,7,7,6
79,7,6,4,6,7,9
80,7,5,4,8,7,5
81,6,9,8,6,8,7
82,7,8,2,5,7,3
83,4,5,6,6,4,6
84,5,1,8,8,5,6
85,5,4,6,8,4,6
86,4,6,5,6,9,5
87,7,4,6,5,4,9
88,9,8,6,5,6,8
89,7,7,5,5,6,4
90,5,6,9,5,8,9
91,7,10,3,8,7,5
92,8,2,6,8,3,7
93,7,5,8,7,6,6
94,7,8,8,7,7,5
95,8,6,8,6,4,5
96,6,10,6,6,6,5
97,5,4,8,7,10,6
98,5,7,6,8,8,8
99,8,6,4,6,3,8
100,8,8,4,6,4,6
101,9,10,6,7,2,3
102,2,5,4,6,6,5
103,7,10,3,7,7,8
104,6,6,2,10,8,10
105,4,4,4,5,7,4
106,7,7,7,6,7,8
107,6,7,8,4,4,4
108,5,6,8,7,9,7
109,6,5,6,8,4,4
110,9,3,7,5,6,6
111,5,6,5,9,7,7
112,4,4,3,4,6,3
113,5,5,6,8,6,5
114,6,6,6,9,3,4
115,2,4,6,7,7,6
116,8,1,7,5,7,6
117,6,10,6,8,3,4
118,5,6,10,6,5,5
119,7,6,4,6,7,6
120,5,3,6,5,4,5
121,6,7,9,10,5,6
122,5,8,4,5,8,7
123,3,6,5,10,7,6
124,8,5,5,5,7,7
125,10,6,6,7,6,9
126,6,4,3,4,8,5
127,7,5,5,6,3,3
128,10,10,7,7,4,6
129,9,8,7,7,7,7
130,7,6,3,6,9,5
131,4,7,9,6,6,7
132,7,7,6,9,3,7
133,5,5,9,5,8,5
134,8,5,6,7,6,7
135,6,6,6,6,9,4
136,8,10,5,6,4,5
137,6,7,8,7,9,7
138,7,6,9,7,5,6
139,7,8,1,5,6,7
140,6,6,5,9,2,2
141,7,6,8,5,8,9
142,8,4,6,6,3,8
143,7,5,9,7,3,5
144,7,4,6,6,6,7
145,6,4,8,7,3,3
146,7,6,6,5,8,8
147,6,3,10,6,6,7
148,7,8,7,6,6,6
149,5,8,1,6,5,3
150,5,2,6,9,7,6
151,8,7,2,7,4,6
152,5,8,4,8,6,6
153,8,6,3,10,7,7
154,7,8,9,7,10,6
155,8,4,7,6,2,6
156,9,6,5,5,7,6
157,8,9,5,6,3,5
158,7,7,4,6,5,5
159,7,4,6,7,6,7
160,8,5,5,6,3,7
161,5,3,6,7,6,7
162,6,4,8,8,4,5
163,3,8,9,8,4,5
164,5,3,7,9,6,6
165,5,7,3,7,5,7
166,6,3,2,6,6,8
167,4,7,5,6,5,6
168,6,5,9,7,6,4
169,8,7,8,8,10,6
170,9,4,7,5,7,5
171,6,1,8,5,10,6
172,6,7,4,7,7,7
173,10,5,7,5,8,9
174,9,8,7,6,8,7
175,6,6,3,8,7,8
176,7,8,7,5,9,8
177,9,7,4,5,9,4
178,7,8,4,8,9,6
179,8,7,6,6,4,8
180,6,8,8,8,4,9
181,7,6,4,10,4,2
182,5,4,6,8,6,3
183,4,3,4,7,4,4
184,2,8,5,7,6,3
185,6,5,6,7,7,5
186,5,8,5,7,4,9
187,3,6,7,7,5,4
188,7,5,6,7,5,7
189,9,2,7,3,4,9
190,6,3,6,6,8,4
191,8,4,6,6,4,6
192,4,4,5,6,5,9
193,8,7,10,4,9,8
194,10,6,6,7,3,3
195,8,6,7,7,5,8
196,5,7,7,7,4,8
197,6,7,8,8,4,8
198,10,6,7,9,5,4
199,3,8,6,10,10,6
200,4,10,7,10,8,5
201,5,10,5,8,6,6
202,3,6,5,6,5,4
203,4,6,9,7,5,7
204,6,10,3,5,7,9
205,7,7,6,7,5,9
206,7,4,5,8,5,5
207,8,8,6,5,9,3
208,8,4,3,5,8,8
209,7,2,7,4,5,8
210,5,10,4,7,6,4
211,7,7,6,8,8,7
212,7,5,7,5,5,7
213,7,7,5,6,7,4
214,6,6,1,7,7,5
215,5,4,9,6,4,3
216,6,9,4,8,6,5
217,8,4,1,5,8,7
218,5,8,6,8,5,5
219,5,4,7,5,5,7
220,2,9,6,8,6,8
221,3,4,3,5,5,6
222,3,6,2,6,4,5
223,6,9,6,7,2,6
224,6,5,7,6,8,6
225,10,5,7,6,4,5
226,6,6,7,6,6,5
227,3,6,5,6,6,7
228,8,10,10,5,5,10
229,6,10,7,6,8,6
230,8,10,8,7,7,5
231,3,2,7,7,8,4
232,4,7,5,8,4,4
233,7,4,8,7,5,6
234,2,5,8,7,10,8
235,5,4,3,8,7,8
236,7,4,5,7,6,8
237,4,8,8,7,8,4
238,6,7,6,7,5,7
239,6,7,10,6,4,4
240,6,5,5,8,8,3
241,8,8,7,6,10,6
242,4,7,7,5,9,7
243,7,6,4,8,5,4
244,5,5,7,2,6,4
245,3,6,6,5,6,4
246,5,7,4,9,4,6
247,6,6,3,7,5,7
248,7,5,6,7,6,9
249,7,4,6,6,5,3
250,1,5,9,5,8,7
251,5,6,6,10,5,9
252,4,10,5,8,5,4
253,7,6,6,5,6,5
254,5,8,7,5,7,8
255,3,5,3,7,7,3
256,10,7,4,7,6,4
257,7,5,7,6,7,4
258,4,9,6,7,7,6
259,7,7,10,7,6,5
260,6,2,6,6,6,4
261,4,6,6,7,6,8
262,4,4,6,8,6,8
263,7,5,7,6,7,4
264,3,2,8,7,10,4
265,7,4,9,7,7,4
266,8,5,6,6,5,1
267,6,6,10,8,8,7
268,8,8,5,7,5,9
269,5,9,2,5,7,2
270,5,6,3,3,4,8
271,7,3,8,7,5,6
272,3,4,5,8,6,4
273,7,3,6,5,8,8
274,4,5,6,8,5,7
275,8,9,6,9,10,3
276,6,5,7,5,10,6
277,9,6,5,5,6,5
278,7,7,5,7,7,7
279,8,5,8,7,6,6
280,7,4,9,5,5,4
281,6,8,2,6,6,4
282,1,10,8,6,6,6
283,7,5,7,9,5,9
284,7,7,7,6,8,5
285,7,8,7,4,10,7
286,6,2,4,9,3,9
287,6,4,4,5,5,8
288,7,7,8,7,7,7
289,5,7,5,5,5,7
290,8,6,8,4,4,4
291,5,3,7,8,7,5
292,9,9,8,8,2,6
293,5,5,5,5,8,4
294,4,4,5,2,8,6
295,8,5,8,5,9,8
296,4,6,10,6,6,2
297,6,7,8,4,5,6
298,3,3,7,5,10,6
299,10,8,5,8,5,6
300,6,7,4,8,7,8
301,7,9,5,8,6,8
302,3,4,3,7,6,5
303,5,8,9,6,5,4
304,3,5,8,7,7,10
305,8,6,5,8,7,4
306,10,4,4,7,4,8
307,5,8,8,7,6,4
308,3,3,6,7,3,7
309,2,7,10,6,7,8
310,3,5,8,6,3,4
311,7,9,5,7,7,4
312,4,6,4,7,5,5
313,7,7,3,5,5,7
314,9,4,10,3,5,3
315,4,9,7,5,6,6
316,4,8,5,4,6,6
317,7,10,2,6,2,4
318,4,5,8,5,4,8
319,7,7,7,6,6,6
320,3,3,7,8,3,8
321,4,10,6,7,6,6
322,7,6,8,6,5,7
323,9,10,7,6,6,5
324,7,8,6,7,5,10
325,2,10,6,5,9,8
326,7,4,7,8,6,8
327,7,5,9,5,4,5
328,6,4,8,8,9,7
329,10,10,7,5,6,8
330,7,6,5,8,7,5
331,6,6,4,7,7,4
332,7,5,8,5,7,4
333,6,7,7,7,3,8
334,8,6,8,5,9,7
335,5,3,5,4,6,2
336,6,10,7,6,8,3
337,4,6,4,9,4,6
338,6,4,5,10,5,9
339,9,7,8,6,9,8
340,5,7,5,6,5,5
341,8,5,6,7,8,8
342,8,8,5,6,4,7
343,3,8,8,4,8,4
344,3,7,7,7,5,8
345,8,7,3,5,6,3
346,5,6,4,5,9,7
347,6,8,7,7,8,6
348,9,5,5,4,7,4
349,7,4,9,6,8,5
350,4,6,4,3,5,5
351,7,3,6,5,4,5
352,4,8,6,5,9,7
353,9,8,3,6,9,4
354,7,4,9,9,8,4
355,7,7,7,3,3,6
356,7,5,4,7,1,2
357,4,7,4,7,10,5
358,8,7,3,7,4,4
359,4,2,9,6,5,2
360,6,8,7,8,9,8
361,4,6,9,7,6,4
362,5,4,8,8,6,6
363,6,5,7,6,3,2
364,7,6,4,6,6,7
365,7,5,6,7,7,4
366,3,3,3,5,7,5
367,5,6,2,8,4,4
368,5,4,4,5,8,5
369,6,2,7,10,7,9
370,6,9,4,7,7,8
371,3,6,10,7,6,3
372,3,10,10,5,7,7
373,6,5,8,5,9,3
374,10,5,8,5,4,9
375,4,5,4,8,2,4
376,6,7,4,7,7,7
377,6,6,5,5,9,5
378,6,10,6,4,4,6
379,5,2,7,5,5,7
380,5,8,7,4,6,6
381,6,10,7,7,5,9
382,3,8,5,8,8,4
383,7,9,9,9,8,10
384,7,8,9,5,6,6
385,7,7,5,7,7,6
386,7,6,4,6,6,9
387,7,10,4,7,8,2
388,6,8,4,6,6,4
389,2,3,6,10,1,7
390,4,7,5,8,6,7
391,4,7,6,7,3,5
392,5,9,3,6,8,7
393,8,10,7,5,8,9
394,7,4,7,8,8,3
395,9,7,6,6,5,7
396,6,8,4,6,7,6
397,8,10,7,6,6,7
398,6,6,6,8,5,5
399,5,7,7,2,8,9
400,9,6,7,8,5,10
401,8,5,5,5,7,3
402,5,4,7,8,5,9
403,8,7,5,8,4,10
404,6,8,4,8,6,7
405,5,6,4,8,2,7
406,7,3,8,10,6,6
407,9,10,7,7,5,3
408,2,6,10,6,6,7
409,8,4,7,6,10,9
410,4,5,4,7,6,5
411,6,5,3,3,4,9
412,3,8,5,6,5,4
413,4,3,5,8,8,9
414,8,2,5,9,4,8
415,2,10,6,6,7,6
416,5,9,2,3,6,5
417,8,6,8,6,4,5
418,6,5,5,7,9,6
419,6,4,8,8,7,6
420,9,4,8,8,6,4
421,7,9,6,6,7,7
422,6,8,9,3,5,9
423,8,4,7,7,5,7
424,4,7,8,6,4,3
425,5,7,8,5,8,8
426,8,10,6,6,7,5
427,8,7,6,8,5,5
428,5,9,8,5,7,7
429,3,6,9,6,6,7
430,7,4,3,6,8,8
431,7,8,7,8,8,5
432,5,10,4,7,4,5
433,5,3,7,8,4,5
434,8,5,5,7,7,4
435,4,7,5,6,6,6
436,5,9,3,8,7,8
437,8,6,6,5,6,2
438,5,7,6,6,10,6
439,6,5,6,5,6,6
440,4,5,10,5,2,6
441,5,6,10,8,8,7
442,2,3,7,6,6,4
443,4,10,7,6,5,4
444,2,7,3,8,5,6
445,4,8,3,8,7,7
446,9,6,6,5,6,9
447,2,6,9,5,3,10
448,5,7,6,7,8,6
449,3,4,1,7,9,4
450,4,4,7,5,5,4
451,7,6,2,5,8,4
452,7,4,8,6,9,8
453,6,8,6,4,4,5
454,10,9,6,9,6,6
455,5,8,6,7,9,10
456,6,7,4,6,8,7
457,8,6,6,7,6,8
458,6,8,4,3,2,6
459,10,10,3,8,4,5
460,8,5,5,7,6,5
461,7,4,5,5,7,8
462,5,7,3,7,4,8
463,8,10,5,3,5,10
464,7,6,6,8,2,4
465,3,9,7,7,9,7
466,3,5,7,7,8,6
467,8,6,6,5,5,5
468,6,5,3,7,5,7
469,3,5,5,7,2,9
470,4,5,10,6,5,4
471,6,4,3,6,6,5
472,4,7,7,6,8,4
473,9,8,6,7,6,4
474,5,8,6,4,6,5
475,5,3,7,9,7,6
476,4,5,4,5,4,7
477,4,3,9,8,8,6
478,9,4,6,6,2,7
479,9,3,9,9,6,8
480,9,9,8,5,4,7
481,2,4,4,6,4,7
482,5,7,6,6,3,9
483,6,5,6,7,3,2
484,10,6,9,5,5,4
485,6,4,4,5,7,8
486,7,5,2,8,9,7
487,7,4,1,8,7,9
488,6,6,4,5,5,5
489,6,6,9,7,9,5
490,6,6,7,7,3,4
491,4,5,3,8,5,6
492,7,4,8,7,7,5
493,6,7,10,7,9,5
494,3,5,6,7,8,3
495,3,5,7,7,6,4
496,4,8,7,9,5,3
497,5,4,10,7,8,7
498,6,3,5,6,8,5
499,5,5,7,7,9,8
500,6,6,5,7,8,6
501,9,7,8,7,7,6
502,2,6,8,4,4,8
503,5,5,6,6,6,4
504,4,6,4,6,7,6
505,7,5,3,7,6,4
506,5,7,5,6,8,6
507,4,5,6,5,7,8
508,6,5,4,6,4,5
509,7,6,7,6,9,7
510,7,7,5,7,9,9
511,6,7,8,9,5,2
512,8,7,7,7,8,6
513,5,9,6,5,7,5
514,5,8,6,4,8,6
515,2,9,7,6,5,9
516,8,6,7,6,6,7
517,5,6,6,8,8,5
518,4,8,8,9,6,4
519,8,3,5,8,6,8
520,3,3,4,6,10,5
521,5,6,7,10,5,4
522,5,7,8,5,10,5
523,3,2,8,8,5,9
524,6,7,5,7,8,4
525,7,5,5,6,1,3
526,9,6,6,7,5,6
527,6,8,9,9,7,4
528,7,6,7,5,9,8
529,5,5,7,5,8,9
530,5,8,5,7,4,7
531,6,7,6,8,7,5
532,5,7,9,7,6,6
533,5,5,4,7,4,7
534,5,8,4,5,6,4
535,6,6,5,6,7,10
536,7,4,6,6,7,6
537,2,5,4,6,7,2
538,8,4,6,8,3,7
539,7,7,4,6,10,6
540,7,7,3,9,4,6
541,5,5,7,6,9,6
542,5,6,6,5,4,7
543,3,6,9,5,6,8
544,8,4,4,8,8,8
545,5,3,6,8,8,7
546,5,4,7,9,6,5
547,6,3,6,6,7,6
548,9,7,10,8,6,7
549,3,6,7,4,4,7
550,6,8,6,6,4,7
551,7,9,6,5,9,2
552,6,4,5,4,6,8
553,5,7,7,6,6,6
554,4,5,8,6,5,7
555,7,1,6,7,9,8
556,6,8,4,5,4,3
557,6,4,7,9,10,9
558,6,7,10,8,7,7
559,6,8,7,6,8,6
560,4,4,7,7,6,8
561,8,6,4,9,6,7
562,4,5,7,9,4,4
563,8,6,6,4,6,4
564,4,4,3,7,6,9
565,6,9,9,10,8,7
566,5,7,5,6,9,10
567,7,8,6,5,5,5
568,7,6,8,5,5,6
569,6,7,7,7,6,4
570,6,4,5,5,5,3
571,7,6,3,7,8,4
572,3,4,8,5,2,10
573,8,6,9,8,8,10
574,5,9,8,5,3,7
575,7,5,5,6,8,7
576,7,6,8,5,6,8
577,10,6,6,6,9,10
578,7,6,6,5,7,4
579,4,9,6,8,3,7
580,4,6,7,6,3,3
581,4,5,5,7,5,6
582,10,8,7,9,5,6
583,4,5,5,5,1,9
584,4,10,6,3,9,9
585,6,6,7,4,10,10
586,6,6,2,8,6,8
587,6,5,8,9,5,10
588,4,5,1,7,7,4
589,7,4,2,8,2,8
590,4,9,8,7,4,4
591,6,5,4,8,7,3
592,7,7,5,3,4,5
593,7,6,5,5,5,9
594,7,5,5,7,2,9
595,4,4,4,6,10,6
596,5,1,7,6,7,8
597,4,8,5,8,3,8
598,8,7,6,4,6,9
599,8,3,7,8,5,8
600,7,8,8,5,5,10
601,5,9,7,5,3,4
602,8,3,7,6,8,5
603,8,4,10,5,7,8
604,5,8,3,7,7,8
605,3,6,9,6,2,6
606,8,6,6,6,8,5
607,5,5,9,7,7,6
608,4,10,7,7,7,7
609,7,8,8,8,2,3
610,8,9,6,7,6,8
611,5,6,10,9,7,4
612,7,4,7,6,6,6
613,8,5,5,8,8,10
614,9,7,8,8,7,5
615,8,6,7,7,4,8
616,3,8,6,8,5,4
617,6,7,5,7,9,5
618,6,8,6,6,10,6
619,7,5,6,8,10,5
620,6,8,5,5,7,6
621,4,8,5,8,5,5
622,7,4,7,8,3,7
623,3,10,4,7,4,1
624,9,4,6,6,3,6
625,8,5,7,2,7,10
626,6,8,2,7,8,3
627,5,8,7,8,6,9
628,6,2,4,6,5,7
629,7,5,4,7,7,3
630,3,7,6,7,8,8
631,6,10,2,5,5,10
632,9,10,7,4,6,7
633,10,4,6,6,8,9
634,7,8,7,1,7,3
635,8,7,8,2,5,9
636,4,9,6,8,4,7
637,5,5,6,7,5,8
638,3,6,6,8,7,7
639,5,6,4,5,6,3
640,7,4,10,6,6,10
641,7,5,8,8,8,5
642,8,5,3,8,8,4
643,10,6,7,5,8,5
644,7,8,4,6,6,10
645,7,5,6,5,7,7
646,4,5,5,10,9,3
647,4,7,8,8,7,5
648,7,4,7,5,6,9
649,6,6,7,7,8,4
650,6,5,4,5,8,5
651,5,7,5,7,4,5
652,7,6,4,6,2,5
653,6,7,5,9,8,7
654,3,9,9,3,8,8
655,8,3,6,5,4,2
656,7,3,4,7,6,7
657,4,10,6,6,7,4
658,7,4,6,10,6,5
659,8,2,4,7,9,8
660,5,4,2,6,8,4
661,8,8,7,6,6,6
662,8,8,7,9,7,7
663,10,7,9,5,5,10
664,7,7,7,5,6,6
665,5,3,6,6,5,8
666,8,4,5,7,6,2
667,6,6,8,8,7,6
668,5,10,8,9,2,10
669,5,7,5,8,3,5
670,3,4,6,5,9,4
671,6,7,7,7,6,7
672,6,6,4,7,10,6
673,6,5,4,6,1,9
674,10,3,6,7,5,10
675,6,5,7,7,5,6
676,5,2,6,4,10,4
677,8,4,5,9,3,7
678,8,7,6,5,3,6
679,9,5,6,7,4,6
680,6,2,8,7,3,7
681,5,8,7,4,5,9
682,6,5,5,6,7,9
683,6,4,4,7,5,6
684,8,6,4,5,6,5
685,6,7,9,7,7,6
686,6,6,7,6,7,9
687,7,6,4,7,5,4
688,6,6,5,7,6,6
689,8,6,6,9,8,8
690,6,7,4,5,7,8
691,7,5,4,6,7,6
692,7,9,5,10,7,4
693,7,7,5,6,8,5
694,6,7,4,8,1,6
695,6,3,6,7,8,5
696,5,8,3,9,9,5
697,2,5,8,8,6,8
698,7,5,5,8,4,5
699,6,2,3,8,6,5
700,6,7,6,7,7,2
701,2,5,6,8,5,5
702,5,6,6,7,5,3
703,5,4,1,5,6,7
704,6,1,7,7,5,9
705,8,3,8,8,4,9
706,8,5,7,5,7,6
707,6,9,4,9,5,6
708,8,6,5,7,10,9
709,7,6,7,5,7,7
710,8,4,5,8,3,9
711,5,7,7,8,7,6
712,4,8,5,5,3,5
713,6,7,5,8,6,8
714,5,6,8,7,6,6
715,3,10,3,8,6,5
716,10,6,4,6,6,5
717,10,8,8,7,6,8
718,5,7,9,5,4,6
719,4,9,4,6,4,8
720,5,6,6,10,9,6
721,9,7,6,5,6,7
722,6,7,7,8,9,8
723,8,5,10,7,6,5
724,1,9,6,7,4,4
725,5,5,6,7,7,6
726,8,4,1,6,4,5
727,6,6,6,7,5,5
728,4,7,5,6,8,4
729,2,4,6,7,4,7
730,6,3,5,8,7,7
731,7,1,5,6,6,6
732,7,8,8,6,2,7
733,7,2,6,9,6,10
734,6,6,5,4,7,6
735,6,6,7,8,7,8
736,7,4,9,6,6,4
737,2,5,7,7,6,6
738,6,4,5,6,10,8
739,5,7,5,7,4,8
740,3,7,7,4,10,8
741,5,1,6,8,3,5
742,7,6,8,4,6,3
743,6,7,9,4,10,8
744,8,8,5,8,10,5
745,8,4,7,6,4,8
746,7,8,4,6,9,6
747,4,7,4,8,4,6
748,1,1,8,5,5,10
749,7,3,6,5,3,10
750,6,8,4,4,4,6
751,7,5,5,5,6,4
752,6,6,4,8,9,9
753,4,9,5,6,7,4
754,7,5,6,7,7,5
755,4,7,5,8,4,7
756,2,7,6,6,7,10
757,6,7,3,6,5,4
758,6,6,8,7,6,6
759,7,8,6,5,7,8
760,7,5,6,8,4,3
761,5,5,5,6,5,9
762,3,4,4,3,5,9
763,9,5,8,8,7,5
764,7,4,6,7,3,6
765,4,7,10,6,5,7
766,5,6,3,8,2,9
767,7,7,10,8,9,4
768,4,7,2,7,9,6
769,6,6,7,9,3,3
770,8,5,6,5,6,5
771,8,7,8,9,4,8
772,9,5,3,6,9,7
773,4,7,4,7,10,6
774,6,5,7,7,7,8
775,8,7,6,5,10,7
776,5,5,1,6,6,2
777,6,2,7,5,8,6
778,6,6,3,8,7,4
779,5,5,10,6,10,7
780,8,8,7,7,5,10
781,5,6,6,5,6,2
782,10,6,5,9,7,9
783,5,7,7,5,4,8
784,8,7,8,5,6,8
785,7,4,8,7,4,6
786,6,9,6,3,7,5
787,5,8,4,5,7,4
788,6,9,7,7,4,4
789,5,6,7,6,4,7
790,7,5,6,8,8,6
791,8,4,6,6,9,7
792,3,5,7,7,6,7
793,5,4,6,7,8,5
794,6,9,3,6,8,5
795,7,7,5,7,7,6
796,7,5,5,6,10,6
797,10,6,4,7,6,7
798,8,7,8,4,6,5
799,4,8,7,4,7,4
800,6,7,7,5,4,10
801,8,8,10,7,5,6
802,7,9,7,7,7,6
803,3,8,7,7,4,4
804,10,5,6,8,8,5
805,6,6,8,7,7,8
806,5,5,7,5,4,10
807,4,6,9,6,7,6
808,4,4,5,7,7,8
809,5,3,7,8,9,8
810,7,2,4,6,7,3
811,8,2,6,7,4,8
812,2,8,5,9,7,7
813,5,4,6,5,6,7
814,6,7,7,6,5,5
815,2,8,5,5,7,4
816,6,6,9,5,8,7
817,8,6,6,9,5,4
818,6,7,4,7,4,7
819,4,6,5,5,3,4
820,2,6,4,9,8,8
821,7,6,6,5,4,8
822,10,2,7,8,8,5
823,3,8,7,6,10,8
824,7,7,6,6,7,7
825,7,5,4,5,6,9
826,6,3,3,6,4,9
827,7,5,2,6,4,5
828,5,2,3,5,4,7
829,8,3,8,6,9,5
830,6,6,3,6,8,6
831,7,3,3,6,5,7
832,8,6,6,8,1,6
833,4,7,3,2,6,6
834,6,8,1,6,6,6
835,5,3,6,8,5,4
836,8,6,7,7,4,3
837,6,3,4,4,7,5
838,9,9,8,8,7,7
839,4,6,7,5,8,6
840,3,6,6,5,5,7
841,4,5,4,8,8,4
842,6,4,6,6,5,7
843,8,9,4,6,6,8
844,2,10,7,8,6,6
845,5,7,6,7,4,1
846,8,3,6,7,4,1
847,7,8,4,8,8,1
848,7,7,6,7,6,5
849,5,9,6,9,7,1
850,5,5,10,7,9,7
851,3,6,7,4,8,5
852,4,5,1,7,6,6
853,5,6,6,8,8,7
854,7,9,6,7,4,8
855,9,5,6,6,8,7
856,5,9,2,7,6,3
857,4,8,6,8,7,7
858,4,6,6,5,6,4
859,9,7,7,7,7,4
860,6,8,8,7,3,5
861,9,5,10,9,7,3
862,4,5,2,5,3,7
863,4,5,10,9,6,10
864,6,2,6,8,8,7
865,10,4,4,5,7,6
866,9,9,6,8,2,3
867,7,7,6,8,8,6
868,5,9,7,6,8,7
869,4,4,7,9,6,3
870,6,6,4,6,2,4
871,6,7,5,6,7,8
872,4,9,6,4,5,8
873,6,3,3,5,5,2
874,2,8,2,7,3,4
875,6,6,4,6,9,4
876,6,8,7,6,6,5
877,9,6,10,5,7,5
878,6,4,3,5,10,3
879,6,4,7,3,8,8
880,8,8,5,8,5,4
881,5,5,6,4,8,5
882,10,3,4,4,6,5
883,4,7,9,7,5,7
884,6,5,7,8,10,7
885,6,6,8,8,6,10
886,7,8,6,3,6,8
887,8,7,4,7,7,6
888,9,5,7,8,5,6
889,4,7,9,9,6,6
890,4,8,7,7,5,6
891,6,7,6,4,6,6
892,4,9,2,7,8,8
893,3,7,5,5,2,4
894,2,7,5,5,7,9
895,8,6,6,1,3,8
896,6,6,8,4,8,6
897,7,3,6,8,1,9
898,6,7,6,5,4,9
899,4,6,3,6,7,10
900,8,6,7,5,4,5
901,8,8,5,6,7,10
902,7,4,4,8,4,3
903,3,6,6,6,4,8
904,8,4,5,8,4,7
905,4,3,10,6,6,7
906,4,7,6,6,6,10
907,6,6,7,10,9,8
908,5,7,6,6,9,8
909,8,3,9,6,5,5
910,6,6,6,6,3,4
911,4,7,7,6,6,6
912,6,10,3,4,5,8
913,4,8,5,6,2,5
914,7,10,6,7,10,7
915,8,7,7,6,5,9
916,5,5,5,7,9,6
917,6,8,6,8,5,5
918,7,3,7,7,6,5
919,5,5,5,8,6,7
920,6,7,3,8,8,6
921,6,4,7,5,8,7
922,6,1,5,4,3,6
923,9,4,5,6,6,5
924,7,5,7,8,4,8
925,5,5,6,7,7,5
926,7,8,7,9,7,2
927,5,10,10,4,4,7
928,5,10,7,5,9,8
929,6,8,4,7,6,6
930,7,4,3,7,4,3
931,7,4,7,6,2,9
932,3,8,6,7,4,3
933,9,5,5,6,5,3
934,6,4,10,5,9,6
935,7,6,7,3,7,7
936,6,6,6,10,9,10
937,9,7,7,8,3,9
938,4,3,3,4,1,5
939,9,3,4,6,8,6
940,5,6,7,7,3,6
941,5,3,8,5,4,7
942,5,4,6,8,6,7
943,7,8,9,8,4,4
944,6,5,6,5,3,5
945,5,9,5,6,6,7
946,6,5,6,7,4,6
947,7,3,7,7,6,10
948,3,6,5,7,6,6
949,7,7,5,8,2,8
950,6,6,7,7,7,7
951,2,6,7,6,6,6
952,3,4,5,4,6,8
953,7,7,4,4,8,6
954,5,6,3,5,8,10
955,9,6,3,6,10,6
956,5,2,5,7,4,6
957,4,4,6,7,7,8
958,8,4,4,7,6,7
959,9,7,6,7,4,9
960,6,4,8,5,5,7
961,7,6,4,5,5,5
962,1,9,6,5,8,6
963,8,6,3,10,8,7
964,9,10,7,6,4,10
965,9,6,4,6,5,3
966,9,4,8,7,7,9
967,9,7,4,4,4,4
968,7,6,6,10,8,10
969,4,10,9,6,8,6
970,4,10,7,6,6,7
971,9,10,7,9,6,3
972,6,6,7,9,5,5
973,7,6,9,7,8,7
974,4,7,5,6,3,6
975,4,5,9,3,8,5
976,6,5,4,8,3,10
977,5,8,6,6,3,8
978,2,9,2,5,6,7
979,4,7,7,5,5,7
980,8,5,4,6,6,4
981,9,10,6,6,5,5
982,6,8,5,10,8,5
983,4,8,8,5,7,8
984,5,4,8,7,4,7
985,4,7,4,8,3,8
986,3,5,7,6,4,3
987,7,8,5,5,8,6
988,9,4,6,6,7,7
989,7,6,6,7,8,5
990,5,4,5,5,6,6
991,5,5,9,6,10,5
992,7,7,7,7,4,8
993,9,5,2,3,4,8
994,4,5,5,6,8,3
995,7,9,7,9,1,9
996,7,6,7,4,5,7
997,7,3,5,8,4,5
998,5,5,5,6,7,7
999,8,9,5,5,9,7
1000,6,4,6,5,8,6
1001,8,10,4,5,6,8
1002,8,3,7,5,6,9
1003,7,7,7,9,7,7
1004,6,7,5,5,2,6
1005,4,6,5,6,8,4
1006,8,3,6,8,1,9
1007,3,6,7,7,4,4
1008,6,8,1,7,5,7
1009,6,2,2,6,7,6
1010,4,7,6,8,4,9
1011,5,5,10,7,7,3
1012,4,8,7,5,9,10
1013,8,6,9,5,6,7
1014,4,7,2,5,9,6
1015,9,5,5,6,6,9
1016,8,6,7,8,5,7
1017,6,8,6,6,9,9
1018,8,6,5,7,6,4
1019,8,7,6,4,5,6
1020,4,5,3,6,6,8
1021,6,7,5,7,6,8
1022,6,5,2,9,9,7
1023,4,8,1,7,5,5
1024,4,7,7,7,7,8
1025,7,7,8,4,6,4
1026,5,3,7,5,5,6
1027,9,8,6,7,7,6
1028,10,4,6,8,10,5
1029,6,9,7,7,7,6
1030,4,7,6,7,8,3
1031,3,5,3,4,4,7
1032,5,5,5,8,5,4
1033,4,8,7,6,5,6
1034,8,6,3,6,10,6
1035,7,6,4,8,4,7
1036,4,8,3,5,4,7
1037,6,7,6,7,5,5
1038,4,6,6,7,4,6
1039,8,5,7,7,7,5
1040,9,4,6,10,10,7
1041,4,5,5,5,7,6
1042,6,8,4,6,10,6
1043,5,3,6,7,6,9
1044,7,4,2,7,7,9
1045,10,7,5,7,7,7
1046,5,4,7,10,4,8
1047,7,3,8,7,8,7
1048,9,4,8,6,8,9
1049,3,7,5,4,5,4
1050,5,5,5,6,4,8
1051,5,8,5,5,5,8
1052,4,9,9,6,6,9
1053,4,9,8,5,10,6
1054,5,8,6,10,5,10
1055,6,2,8,6,10,5
1056,8,7,4,7,7,6
1057,7,4,9,7,4,6
1058,6,8,6,8,6,7
1059,5,2,8,7,6,9
1060,6,2,3,9,6,8
1061,9,1,9,8,7,6
1062,8,10,8,6,5,6
1063,8,8,5,7,7,9
1064,4,4,6,7,6,5
1065,9,7,4,9,5,8
1066,3,7,1,6,4,5
1067,5,6,3,5,6,3
1068,9,5,7,6,5,8
1069,4,6,7,8,9,7
1070,1,8,5,7,5,6
1071,3,7,9,7,5,3
1072,4,9,7,7,5,8
1073,3,7,5,7,9,3
1074,6,7,6,6,6,5
1075,10,7,4,4,5,3
1076,7,4,8,5,8,6
1077,7,5,7,6,9,6
1078,6,7,5,7,5,8
1079,7,10,8,5,6,5
1080,9,4,4,7,7,2
1081,7,4,6,6,6,4
1082,2,5,5,5,9,6
1083,4,5,6,7,4,4
1084,3,7,8,8,4,7
1085,4,8,7,7,5,2
1086,7,7,8,5,5,5
1087,6,3,7,8,5,5
1088,7,8,7,7,7,5
1089,7,8,9,6,7,5
1090,6,3,4,9,7,8
1091,3,10,6,6,7,5
1092,6,5,5,8,3,7
1093,5,4,5,5,4,5
1094,7,8,5,5,9,5
1095,4,2,2,4,8,6
1096,4,5,5,7,7,9
1097,5,3,8,7,5,3
1098,5,9,3,9,4,3
1099,9,5,5,7,5,6
1100,6,5,6,6,5,6
1101,6,3,2,4,7,6
1102,7,7,2,8,3,4
1103,6,6,6,6,7,5
1104,1,8,9,8,10,6
1105,4,5,5,7,6,5
1106,6,5,8,10,6,8
1107,4,5,8,5,9,4
1108,10,7,1,7,8,6
1109,5,8,5,6,8,10
1110,8,5,5,7,1,2
1111,5,6,9,7,5,9
1112,4,7,7,7,3,6
1113,6,6,5,8,4,5
1114,6,6,4,9,10,3
1115,8,6,6,8,4,6
1116,4,2,7,6,8,8
1117,6,9,9,6,3,8
1118,7,10,3,7,5,6
1119,7,3,7,8,7,6
1120,7,7,6,10,6,7
1121,5,8,8,7,5,7
1122,9,3,5,7,7,5
1123,7,4,6,9,7,6
1124,9,4,8,4,7,6
1125,6,7,8,6,4,4
1126,2,9,4,5,8,8
1127,6,6,2,5,5,5
1128,9,9,3,4,7,7
1129,4,8,8,4,8,3
1130,7,8,5,8,4,5
1131,7,7,7,4,5,8
1132,3,4,6,2,5,9
1133,7,5,5,6,5,7
1134,8,8,3,7,6,9
1135,7,6,6,6,7,4
1136,3,4,8,8,4,10
1137,5,7,7,7,4,6
1138,6,8,6,8,7,4
1139,8,4,7,6,6,6
1140,9,6,6,9,6,4
1141,5,6,8,6,7,8
1142,4,1,6,9,8,2
1143,7,4,7,8,3,10
1144,4,5,9,8,6,2
1145,6,8,3,5,6,8
1146,5,4,9,4,2,6
1147,7,4,4,9,5,7
1148,7,5,7,6,10,5
1149,7,8,8,4,8,6
1150,6,5,7,6,7,5
1151,7,5,8,6,5,6
1152,7,10,7,8,9,4
1153,8,5,8,7,3,9
1154,1,7,6,8,6,8
1155,3,6,6,9,8,9
1156,9,4,7,5,3,7
1157,5,5,6,9,5,10
1158,6,3,8,9,7,6
1159,3,6,2,7,6,4
1160,7,5,1,7,7,5
1161,5,7,7,7,9,4
1162,3,5,6,5,6,9
1163,9,7,5,8,10,10
1164,8,5,4,5,7,10
1165,6,4,10,3,7,6
1166,7,5,9,5,8,7
1167,6,6,4,7,6,8
1168,4,6,5,7,9,2
1169,8,6,8,9,10,5
1170,1,4,5,6,4,5
1171,6,5,9,7,9,6
1172,5,7,6,9,6,3
1173,5,5,8,5,8,9
1174,5,4,2,7,10,7
1175,6,6,4,7,7,7
1176,5,3,7,8,6,7
1177,2,5,8,8,7,5
1178,6,5,7,6,6,4
1179,5,9,7,5,6,6
1180,8,10,3,5,5,5
1181,3,2,8,4,8,9
1182,4,10,6,8,2,8
1183,3,5,3,6,6,7
1184,6,8,9,6,5,7
1185,2,10,6,9,5,7
1186,6,5,8,9,5,5
1187,6,6,6,5,7,3
1188,8,4,5,8,4,8
1189,10,8,7,9,4,9
1190,5,4,8,3,10,8
1191,5,6,4,5,5,6
1192,9,7,9,7,5,9
1193,8,7,5,7,5,7
1194,7,9,5,8,5,5
1195,9,4,7,6,6,7
1196,8,4,6,6,5,4
1197,6,5,5,6,3,4
1198,9,7,3,4,6,10
1199,6,6,5,6,9,8
1200,3,7,3,6,4,10
1201,3,4,6,7,9,5
1202,5,7,5,8,3,4
1203,5,2,4,5,7,6
1204,3,6,6,8,6,9
1205,5,6,2,7,7,5
1206,6,3,7,7,3,4
1207,4,2,9,7,6,8
1208,7,4,5,6,2,3
1209,7,7,6,8,4,9
1210,5,7,8,6,5,3
1211,8,6,6,8,5,5
1212,8,4,7,6,7,10
1213,7,3,6,5,2,6
1214,6,4,4,7,5,10
1215,9,4,5,8,4,5
1216,7,3,5,6,4,5
1217,6,7,3,7,5,7
1218,3,4,3,6,7,6
1219,6,9,6,6,8,8
1220,2,6,5,7,6,5
1221,8,9,6,7,10,6
1222,3,6,4,8,8,5
1223,4,8,6,8,3,6
1224,6,9,7,6,4,5
1225,4,10,7,6,10,1
1226,8,5,5,7,9,6
1227,10,5,10,6,8,5
1228,4,9,6,7,5,6
1229,6,6,5,9,8,7
1230,7,8,7,7,9,4
1231,4,7,9,6,4,6
1232,7,6,6,8,6,4
1233,7,3,5,7,6,5
1234,9,6,9,9,6,5
1235,7,7,7,8,1,6
1236,4,7,6,8,2,7
1237,4,7,3,6,7,5
1238,8,2,8,5,3,8
1239,8,9,5,6,3,7
1240,3,6,6,6,7,7
1241,4,4,6,6,10,4
1242,4,6,7,5,3,9
1243,8,5,8,6,7,9
1244,5,4,6,7,7,7
1245,7,8,2,8,7,5
1246,7,2,5,8,10,5
1247,4,7,3,6,9,6
1248,9,5,6,7,8,6
1249,3,2,7,7,6,6
1250,5,7,6,5,5,7
1251,5,6,2,6,7,6
1252,7,5,7,8,5,6
1253,7,2,8,6,5,7
1254,6,5,2,5,9,6
1255,4,8,9,5,7,5
1256,5,8,9,6,1,6
1257,3,5,9,6,7,5
1258,5,7,7,8,6,5
1259,9,1,7,5,2,7
1260,8,8,10,7,5,4
1261,8,7,4,8,8,5
1262,6,5,9,10,5,3
1263,7,4,5,5,8,4
1264,7,6,6,6,3,7
1265,6,3,4,8,5,10
1266,7,8,8,6,7,9
1267,8,4,8,7,5,4
1268,5,5,9,7,6,9
1269,6,1,4,4,5,5
1270,8,6,6,7,5,9
1271,5,10,3,8,7,9
1272,5,8,8,7,7,10
1273,10,4,6,6,6,9
1274,7,10,9,5,6,7
1275,5,6,6,2,9,6
1276,4,6,4,7,7,6
1277,5,6,4,5,3,4
1278,9,7,5,7,6,1
1279,5,6,4,6,7,9
1280,5,4,7,6,5,9
1281,3,2,7,7,5,4
1282,6,6,5,6,4,9
1283,10,5,8,5,5,9
1284,4,4,7,5,10,8
1285,5,5,6,6,5,10
1286,4,4,3,7,8,6
1287,4,5,4,8,3,7
1288,5,7,7,9,8,6
1289,4,8,2,7,7,3
1290,4,4,4,7,7,9
1291,7,5,4,5,5,9
1292,5,9,4,7,7,9
1293,6,5,6,5,6,5
1294,6,6,6,6,4,6
1295,5,4,8,4,6,7
1296,5,4,10,6,5,9
1297,6,8,4,9,7,6
1298,6,7,6,7,7,10
1299,6,8,5,8,3,8
1300,5,5,7,5,4,5
1301,5,9,5,8,7,8
1302,5,3,6,5,3,9
1303,7,9,4,3,6,8
1304,6,7,6,8,8,9
1305,3,7,5,7,4,7
1306,6,7,8,4,4,5
1307,4,7,6,5,8,8
1308,4,10,7,6,4,7
1309,4,4,3,5,8,4
1310,6,6,2,6,3,4
1311,6,6,8,8,5,4
1312,6,5,5,5,3,7
1313,7,4,6,8,4,6
1314,6,7,6,3,10,2
1315,6,4,4,6,3,8
1316,6,5,7,4,6,7
1317,4,5,9,7,6,6
1318,8,7,7,6,6,7
1319,8,8,4,5,3,7
1320,10,7,4,4,7,6
1321,10,2,7,5,5,7
1322,6,7,4,9,5,6
1323,7,4,7,6,10,3
1324,6,7,5,7,4,7
1325,5,5,6,4,6,4
1326,5,8,1,8,5,9
1327,7,8,1,5,5,4
1328,4,4,5,8,8,7
1329,10,5,7,8,5,6
1330,8,6,5,5,2,8
1331,4,3,4,6,6,8
1332,7,6,8,5,10,9
1333,4,5,4,8,2,8
1334,10,8,6,5,6,3
1335,5,8,6,4,7,5
1336,9,3,9,8,6,8
1337,4,6,2,7,6,3
1338,8,8,8,7,3,6
1339,7,5,3,8,8,7
1340,6,3,4,6,7,8
1341,9,10,7,6,9,6
1342,6,6,9,7,6,2
1343,4,5,7,8,5,8
1344,3,4,10,6,6,7
1345,8,7,4,7,7,7
1346,6,3,5,7,8,6
1347,6,9,6,5,6,5
1348,9,4,8,6,2,8
1349,6,7,6,6,5,9
1350,7,5,9,6,4,4
1351,4,6,7,6,8,8
1352,7,3,5,8,3,7
1353,8,5,6,7,7,5
1354,6,8,7,5,9,8
1355,8,7,3,5,8,5
1356,6,4,6,7,3,7
1357,5,3,8,9,8,7
1358,7,5,5,5,5,4
1359,7,4,7,6,5,3
1360,7,7,5,5,2,4
1361,4,8,6,8,7,3
1362,8,4,3,8,4,3
1363,4,8,6,6,8,8
1364,7,2,4,10,5,7
1365,8,7,9,7,6,2
1366,5,6,6,7,6,5
1367,3,6,8,8,5,6
1368,7,6,6,8,4,7
1369,6,5,4,6,5,7
1370,7,3,5,6,2,8
1371,5,7,4,5,4,8
1372,9,8,9,4,8,9
1373,6,4,8,7,6,8
1374,6,6,9,9,7,5
1375,5,6,3,5,7,6
1376,5,5,3,5,7,5
1377,4,6,6,9,9,5
1378,3,10,8,9,7,4
1379,4,9,6,6,5,7
1380,5,8,9,7,8,7
1381,3,7,5,6,6,2
1382,5,6,9,9,2,3
1383,4,9,3,5,9,6
1384,6,10,6,5,6,5
1385,6,7,7,9,9,4
1386,5,6,7,8,8,6
1387,7,4,1,8,6,7
1388,7,8,6,7,7,6
1389,5,7,7,6,3,4
1390,8,4,3,5,7,7
1391,8,5,6,7,4,5
1392,2,8,7,8,7,3
1393,5,7,8,7,7,6
1394,5,6,5,8,6,5
1395,7,5,4,8,7,8
1396,7,6,3,7,4,5
1397,5,7,8,8,7,4
1398,7,5,8,8,4,6
1399,4,7,10,9,5,8
1400,7,7,10,8,9,6
1401,5,9,4,8,5,3
1402,7,6,4,6,8,10
1403,4,4,5,7,6,5
1404,5,4,8,7,5,8
1405,8,9,4,8,5,6
1406,8,6,6,6,7,6
1407,7,9,6,6,4,2
1408,3,7,6,7,8,7
1409,7,4,8,5,4,3
1410,7,8,8,6,7,2
1411,6,6,6,5,4,7
1412,5,5,3,8,8,4
1413,10,4,3,8,5,9
1414,9,10,3,7,6,2
1415,8,6,6,10,5,7
1416,7,6,9,7,5,7
1417,5,4,7,6,6,4
1418,9,4,5,3,5,6
1419,6,6,6,8,6,6
1420,7,4,6,7,8,4
1421,7,7,10,7,6,5
1422,5,5,7,10,7,4
1423,6,8,6,7,4,8
1424,9,7,7,6,9,6
1425,3,5,5,4,4,6
1426,9,5,6,8,8,7
1427,8,6,5,3,9,5
1428,10,8,4,5,2,7
1429,4,9,3,7,9,8
1430,7,5,7,6,7,5
1431,5,5,5,7,6,8
1432,10,6,2,7,6,7
1433,6,5,7,9,6,5
1434,5,4,3,8,5,7
1435,5,5,6,5,5,6
1436,4,7,8,7,4,5
1437,6,8,3,8,5,5
1438,8,2,6,8,7,8
1439,7,9,7,7,4,3
1440,2,4,5,8,5,7
1441,7,4,5,6,7,4
1442,5,5,9,7,6,5
1443,6,4,8,6,6,8
1444,8,3,8,6,6,8
1445,5,6,8,7,10,8
1446,6,8,10,8,6,5
1447,2,7,7,8,5,5
1448,7,1,6,5,6,6
1449,5,6,8,7,8,7
1450,5,8,2,7,6,7
1451,5,4,8,6,6,3
1452,8,1,6,4,7,2
1453,6,7,6,7,3,6
1454,5,9,4,5,6,9
1455,1,4,4,7,1,6
1456,5,6,6,7,5,6
1457,7,7,3,5,4,6
1458,6,4,5,7,7,7
1459,9,8,6,5,10,9
1460,6,4,7,6,8,6
1461,7,4,8,9,8,7
1462,9,9,9,5,7,5
1463,4,6,10,5,4,8
1464,8,7,5,6,8,6
1465,5,3,5,7,9,6
1466,8,6,6,6,2,6
1467,5,1,5,4,6,6
1468,10,8,3,7,5,3
1469,6,10,5,4,8,8
1470,6,4,4,6,4,10
1471,4,9,1,7,9,3
1472,6,6,8,6,7,7
1473,8,4,8,6,7,7
1474,1,10,5,7,5,10
1475,8,9,2,7,7,7
1476,4,7,8,4,6,8
1477,8,6,6,6,10,6
1478,7,7,4,6,6,2
1479,4,4,5,5,9,5
1480,7,7,8,5,3,7
1481,6,6,6,6,9,3
1482,7,6,6,7,7,6
1483,3,4,7,9,6,5
1484,3,4,4,7,7,5
1485,6,4,6,8,5,4
1486,3,6,6,7,4,1
1487,8,8,4,6,3,4
1488,3,8,4,7,5,8
1489,4,10,5,4,6,6
1490,7,2,7,7,8,6
1491,7,10,7,6,7,4
1492,9,4,2,6,5,6
1493,8,1,6,5,9,7
1494,10,7,5,5,5,7
1495,6,6,5,6,5,3
1496,9,6,7,5,4,6
1497,2,4,3,6,3,10
1498,3,9,6,5,5,6
1499,3,4,5,9,8,9
1500,8,5,6,9,4,8
1501,8,3,1,4,6,3
1502,7,7,5,6,6,4
1503,6,8,6,7,4,6
1504,7,7,6,8,8,7
1505,5,8,5,7,9,7
1506,4,7,6,8,5,9
1507,3,9,7,5,6,7
1508,3,3,10,5,9,8
1509,8,7,6,4,8,7
1510,5,6,4,7,6,6
1511,7,7,5,6,6,5
1512,7,7,6,6,7,8
1513,6,2,10,9,7,6
1514,5,5,7,6,3,5
1515,2,7,7,9,10,3
1516,5,8,5,7,6,7
1517,8,5,9,3,5,7
1518,7,7,6,5,8,6
1519,5,5,7,4,6,4
1520,9,4,6,6,5,5
1521,7,5,8,6,7,6
1522,4,7,8,3,9,3
1523,4,6,4,5,6,5
1524,3,6,3,7,8,5
1525,5,1,4,8,7,7
1526,6,7,5,3,7,9
1527,10,8,6,6,4,5
1528,6,6,5,8,2,10
1529,5,5,5,8,5,4
1530,8,8,8,5,7,5
1531,7,7,3,8,7,3
1532,7,5,7,6,2,8
1533,4,8,3,8,3,7
1534,6,2,6,9,6,5
1535,6,8,7,4,8,8
1536,6,7,10,7,5,4
1537,5,7,7,7,6,4
1538,4,8,6,9,7,6
1539,6,9,5,5,9,8
1540,5,7,10,6,8,8
1541,5,6,6,8,6,2
1542,7,7,5,6,8,8
1543,7,7,6,9,8,5
1544,4,5,7,6,4,7
1545,4,8,7,6,5,4
1546,5,6,8,4,7,4
1547,3,4,3,5,8,7
1548,3,7,8,6,5,7
1549,7,7,4,8,6,4
1550,7,8,5,8,8,5
1551,4,7,6,8,3,4
1552,4,8,9,8,9,6
1553,3,5,3,9,5,6
1554,6,6,6,6,7,9
1555,3,9,5,8,5,6
1556,6,5,6,7,8,6
1557,9,4,10,7,8,7
1558,6,9,5,6,8,5
1559,8,2,6,7,2,10
1560,5,6,7,7,6,2
1561,3,5,3,6,4,7
1562,7,1,6,4,7,9
1563,8,9,9,8,3,8
1564,3,8,3,7,6,7
1565,4,8,7,6,9,7
1566,8,4,5,8,5,8
1567,5,3,7,5,4,8
1568,8,4,4,8,5,5
1569,4,4,9,4,7,5
1570,7,6,6,3,3,7
1571,4,5,8,8,4,8
1572,7,7,8,7,6,6
1573,7,3,5,6,4,6
1574,5,2,6,8,7,5
1575,7,8,2,10,7,10
1576,8,6,6,6,4,9
1577,6,9,6,7,5,9
1578,5,7,7,9,7,3
1579,9,6,7,5,8,5
1580,6,6,5,7,7,6
1581,7,5,4,4,5,8
1582,10,8,2,6,7,7
1583,7,7,8,9,7,6
1584,4,5,7,8,3,7
1585,4,6,10,7,6,8
1586,5,5,8,9,4,10
1587,6,5,9,6,6,6
1588,4,3,2,4,4,9
1589,4,7,4,4,7,7
1590,2,4,6,6,7,6
1591,6,4,9,8,3,8
1592,3,5,5,6,8,8
1593,2,7,7,7,4,7
1594,6,7,8,5,3,6
1595,4,8,7,9,2,8
1596,4,5,7,7,6,8
1597,7,7,10,6,5,8
1598,9,6,4,6,6,7
1599,5,5,8,5,6,5
1600,6,2,2,8,10,5
1601,2,8,5,8,7,4
1602,4,4,4,6,4,6
1603,3,7,8,5,5,6
1604,6,4,8,9,3,5
1605,8,8,3,5,6,5
1606,6,6,6,9,5,8
1607,3,8,6,4,6,3
1608,7,7,5,7,6,6
1609,6,2,6,6,3,6
1610,5,7,10,6,6,5
1611,3,6,6,4,4,6
1612,7,7,7,6,4,10
1613,6,9,6,5,4,6
1614,8,7,4,8,3,2
1615,4,4,2,8,7,6
1616,8,8,6,6,2,6
1617,5,4,6,7,4,6
1618,7,5,7,7,6,8
1619,3,2,10,6,8,8
1620,5,7,6,7,8,1
1621,10,6,7,6,4,7
1622,7,2,7,8,4,8
1623,6,5,9,6,7,7
1624,8,10,7,7,8,9
1625,8,4,3,6,9,5
1626,5,3,7,7,5,8
1627,5,6,7,9,4,5
1628,7,5,8,7,10,6
1629,7,6,5,6,9,10
1630,5,2,4,5,5,7
1631,4,5,5,7,1,10
1632,3,6,8,6,3,7
1633,7,9,3,5,5,7
1634,8,6,10,6,8,5
1635,5,2,8,7,3,2
1636,8,5,2,8,6,5
1637,7,5,5,4,3,6
1638,6,8,5,8,6,3
1639,5,7,10,4,7,7
1640,6,5,2,7,4,6
1641,6,5,4,6,3,5
1642,5,6,7,7,8,5
1643,8,8,5,6,1,10
1644,4,3,6,8,6,4
1645,5,4,6,7,2,5
1646,8,5,7,7,4,4
1647,6,7,9,6,6,6
1648,6,6,6,6,7,4
1649,5,8,8,8,6,8
1650,10,8,3,9,6,5
1651,4,5,9,5,7,8
1652,4,6,9,8,5,6
1653,8,5,5,6,8,9
1654,7,7,10,5,4,6
1655,6,6,6,6,3,9
1656,9,6,7,6,9,9
1657,4,2,6,6,6,9
1658,7,7,10,5,8,5
1659,4,5,5,6,1,6
1660,6,5,7,8,4,8
1661,5,3,4,8,7,7
1662,4,6,6,7,3,4
1663,8,10,6,7,8,7
1664,9,6,4,7,5,6
1665,7,5,6,6,4,6
1666,4,5,3,5,3,4
1667,6,9,6,7,8,5
1668,8,4,5,3,6,6
1669,5,6,8,5,10,7
1670,7,6,5,9,9,6
1671,7,6,8,7,7,6
1672,6,6,2,8,5,5
1673,5,5,7,7,4,10
1674,6,5,7,7,3,3
1675,4,4,8,5,5,8
1676,5,5,7,4,2,5
1677,7,6,4,7,3,10
1678,5,5,4,5,10,9
1679,5,6,4,7,5,9
1680,3,1,8,5,8,6
1681,6,8,7,7,5,6
1682,4,5,8,7,8,5
1683,6,5,8,8,9,7
1684,6,7,6,8,2,6
1685,4,5,6,4,5,7
1686,4,6,8,6,10,6
1687,6,5,6,7,5,5
1688,9,10,8,6,8,7
1689,6,7,5,7,5,4
1690,7,9,3,5,2,10
1691,4,9,4,5,9,7
1692,6,5,7,10,5,8
1693,7,5,3,7,4,7
1694,4,3,5,5,3,10
1695,4,2,3,7,6,6
1696,7,7,8,8,6,9
1697,5,8,5,6,6,3
1698,6,7,8,5,6,6
1699,8,1,4,7,8,7
1700,8,7,6,9,4,6
1701,6,6,4,6,5,7
1702,6,8,4,8,3,6
1703,5,8,4,5,2,4
1704,7,4,5,5,4,9
1705,7,8,8,10,6,7
1706,2,5,6,8,5,7
1707,4,6,3,6,6,4
1708,4,6,6,6,6,4
1709,9,8,8,7,4,6
1710,6,4,3,9,1,2
1711,5,7,2,6,8,5
1712,4,9,1,6,4,7
1713,9,7,9,8,7,9
1714,6,6,4,5,4,6
1715,7,7,9,5,7,6
1716,5,4,4,9,6,5
1717,5,2,7,6,7,6
1718,1,5,6,8,8,6
1719,6,8,2,5,8,7
1720,10,7,5,5,6,8
1721,3,7,5,10,8,4
1722,7,6,6,8,4,4
1723,8,2,6,2,3,5
1724,8,5,6,5,10,3
1725,8,5,1,7,5,8
1726,7,2,7,5,8,8
1727,9,8,5,6,4,7
1728,8,9,6,7,10,5
1729,7,5,6,7,6,8
1730,6,4,9,6,8,5
1731,10,5,7,9,10,6
1732,7,8,5,9,2,4
1733,10,4,6,6,6,7
1734,7,8,2,6,6,2
1735,9,3,5,4,4,10
1736,6,8,5,5,4,5
1737,5,2,5,5,6,9
1738,5,4,8,4,5,7
1739,5,7,6,5,4,5
1740,6,9,10,10,4,4
1741,3,3,4,7,7,6
1742,5,8,4,6,6,6
1743,7,7,6,5,5,7
1744,7,5,9,5,4,6
1745,4,7,5,4,2,10
1746,10,5,4,6,6,7
1747,5,10,3,8,5,7
1748,4,1,5,8,5,7
1749,4,5,5,4,7,3
1750,4,6,4,8,9,4
1751,6,5,8,5,3,5
1752,8,4,9,8,6,5
1753,6,7,5,7,6,3
1754,8,1,6,7,7,6
1755,6,5,7,7,4,5
1756,9,5,10,3,8,6
1757,8,5,3,3,4,6
1758,8,6,9,7,2,2
1759,3,4,5,8,6,4
1760,6,7,9,6,8,6
1761,7,4,5,8,4,8
1762,3,3,8,8,8,8
1763,7,6,6,9,9,4
1764,6,9,6,7,7,4
1765,7,7,5,8,9,6
1766,6,8,7,5,7,4
1767,4,6,8,7,5,5
1768,7,10,7,7,4,6
1769,9,6,5,6,7,5
1770,7,3,4,7,5,6
1771,4,3,6,6,7,7
1772,6,5,8,5,5,5
1773,10,7,6,5,6,4
1774,8,4,5,7,8,9
1775,5,5,8,7,6,5
1776,5,4,4,5,8,8
1777,6,7,4,6,10,5
1778,9,10,2,7,3,5
1779,7,7,9,8,5,4
1780,9,3,5,7,5,5
1781,8,6,6,5,5,7
1782,7,7,4,7,10,5
1783,10,2,7,8,5,7
1784,5,3,6,6,6,4
1785,5,2,2,8,6,7
1786,5,5,6,5,6,9
1787,7,9,3,6,6,10
1788,8,5,6,6,7,10
1789,6,9,4,6,5,8
1790,2,7,8,7,6,5
1791,4,7,6,5,3,9
1792,7,7,2,3,7,7
1793,2,7,7,8,4,6
1794,9,8,9,3,4,6
1795,3,6,7,8,6,4
1796,7,5,8,5,5,4
1797,5,4,7,8,6,6
1798,8,6,5,5,8,6
1799,6,9,6,6,8,9
1800,8,9,8,5,6,5
1801,6,3,4,6,7,4
1802,5,6,6,6,7,5
1803,6,2,9,9,7,7
1804,6,9,7,7,10,9
1805,7,4,7,7,10,9
1806,7,6,1,5,4,4
1807,8,6,5,7,9,9
1808,7,5,6,9,4,7
1809,3,8,3,6,6,4
1810,3,5,3,5,5,5
1811,2,10,4,6,5,6
1812,6,8,3,6,6,6
1813,6,7,7,6,7,6
1814,3,7,6,4,9,5
1815,4,6,7,6,4,4
1816,2,8,3,10,6,5
1817,4,4,5,5,6,8
1818,6,3,10,3,3,3
1819,5,7,5,6,4,8
1820,7,9,10,6,7,6
1821,6,3,6,6,8,6
1822,4,5,8,5,7,2
1823,4,7,6,4,6,3
1824,4,7,1,6,5,8
1825,9,4,5,5,6,9
1826,5,8,4,4,7,8
1827,3,7,3,6,7,5
1828,6,7,3,6,5,7
1829,6,5,3,5,9,6
1830,6,5,6,6,8,7
1831,7,3,4,3,6,9
1832,3,6,6,5,5,7
1833,10,8,3,7,7,4
1834,8,3,8,6,3,2
1835,6,4,8,5,9,7
1836,8,10,8,5,5,5
1837,8,10,3,6,1,4
1838,6,2,6,5,6,7
1839,6,3,5,6,8,7
1840,8,7,4,6,4,7
1841,3,7,4,5,6,6
1842,6,8,4,8,6,5
1843,1,7,10,2,8,8
1844,4,6,4,4,5,3
1845,3,9,7,6,4,5
1846,7,8,7,8,6,4
1847,5,8,6,5,6,3
1848,7,7,5,10,3,6
1849,5,8,4,6,6,6
1850,5,8,1,7,9,3
1851,8,5,7,7,5,9
1852,6,4,8,6,7,9
1853,2,9,7,7,5,10
1854,8,6,9,6,6,6
1855,5,5,6,3,1,6
1856,7,8,6,4,4,8
1857,7,3,4,8,3,5
1858,6,8,6,6,2,6
1859,7,6,3,8,9,3
1860,7,7,5,6,3,5
1861,4,8,9,8,4,5
1862,4,7,4,3,5,6
1863,6,7,8,8,6,5
1864,9,4,5,7,7,6
1865,7,6,6,6,5,8
1866,3,7,5,8,7,9
1867,10,8,8,5,5,6
1868,6,4,5,5,7,6
1869,9,6,8,8,8,5
1870,7,4,5,6,6,6
1871,7,5,9,5,5,7
1872,9,9,7,6,7,3
1873,7,10,7,5,10,8
1874,2,4,6,6,5,4
1875,5,9,8,7,10,7
1876,8,1,9,5,4,8
1877,7,4,8,8,3,7
1878,5,3,5,6,7,2
1879,9,5,5,3,8,7
1880,8,8,9,7,5,4
1881,9,8,7,6,7,2
1882,3,5,4,6,5,5
1883,6,4,4,8,5,5
1884,8,2,6,6,7,7
1885,6,6,6,7,6,8
1886,6,5,7,6,7,7
1887,6,7,8,8,3,4
1888,8,6,6,9,2,6
1889,8,3,5,7,7,8
1890,5,9,4,6,5,7
1891,9,3,9,8,5,5
1892,3,7,4,6,2,2
1893,7,4,3,5,4,4
1894,4,2,4,9,7,6
1895,6,5,6,6,4,6
1896,7,8,9,7,4,9
1897,8,5,7,5,8,4
1898,6,8,5,7,9,7
1899,8,7,10,7,8,10
1900,3,4,4,7,4,10
1901,9,9,9,7,4,6
1902,8,5,5,7,5,4
1903,6,6,8,5,5,3
1904,8,3,10,8,3,8
1905,8,8,7,5,5,7
1906,4,9,4,7,9,6
1907,7,4,7,7,4,7
1908,4,9,8,8,5,5
1909,6,5,6,6,6,10
1910,6,4,6,8,4,4
1911,5,4,4,9,8,5
1912,7,6,5,7,4,8
1913,7,6,8,7,4,5
1914,4,10,7,7,7,4
1915,10,7,9,9,4,6
1916,3,7,6,7,4,8
1917,8,6,5,4,6,4
1918,7,5,7,9,8,7
1919,3,5,8,7,7,10
1920,7,6,8,5,9,4
1921,6,6,4,4,7,8
1922,8,9,4,6,6,8
1923,6,8,7,9,7,7
1924,3,4,5,8,5,8
1925,5,6,3,5,7,3
1926,7,9,5,6,4,6
1927,6,6,6,6,10,7
1928,8,7,6,6,5,6
1929,5,8,7,7,8,4
1930,2,6,10,7,7,5
1931,4,4,3,6,5,9
1932,7,6,6,2,5,8
1933,8,3,2,8,4,5
1934,6,5,7,5,6,6
1935,10,7,3,7,7,5
1936,10,2,7,9,6,10
1937,6,4,5,6,5,2
1938,7,7,7,9,4,5
1939,6,8,4,8,5,4
1940,4,7,5,8,4,10
1941,8,3,7,6,6,3
1942,4,8,2,7,4,6
1943,4,8,3,3,9,4
1944,7,10,8,7,10,4
1945,9,7,6,6,5,5
1946,7,7,9,6,7,7
1947,10,8,7,6,5,3
1948,7,10,7,9,6,5
1949,8,6,6,9,1,7
1950,5,5,5,7,6,9
1951,7,1,9,7,10,6
1952,8,7,7,8,8,8
1953,8,5,2,6,7,5
1954,9,7,5,7,4,6
1955,6,8,9,4,5,5
1956,7,8,4,5,7,4
1957,6,8,7,9,9,7
1958,7,9,7,8,6,5
1959,5,7,4,9,6,9
1960,2,8,4,5,5,4
1961,10,7,6,7,8,8
1962,6,4,6,8,8,3
1963,8,7,5,6,4,4
1964,4,5,4,7,6,7
1965,7,4,8,10,8,3
1966,8,6,6,8,7,6
1967,8,5,4,6,7,8
1968,5,6,8,9,5,1
1969,7,7,4,7,7,5
1970,4,6,6,7,8,2
1971,6,6,5,10,8,6
1972,4,6,4,5,5,1
1973,7,8,6,5,6,4
1974,6,6,3,7,7,6
1975,7,9,10,6,5,7
1976,6,8,5,4,6,6
1977,5,5,1,5,5,10
1978,6,7,7,6,7,5
1979,9,3,8,8,5,6
1980,5,5,7,5,6,5
1981,8,7,5,6,7,2
1982,5,6,9,6,5,4
1983,3,9,6,6,6,5
1984,6,4,5,7,9,4
1985,5,8,5,6,4,4
1986,8,10,6,7,7,7
1987,10,10,6,5,8,5
1988,3,4,4,7,4,8
1989,6,6,7,2,6,8
1990,5,8,9,3,8,7
1991,8,7,4,5,4,6
1992,5,3,5,10,6,7
1993,5,7,7,8,5,9
1994,6,8,7,10,7,6
1995,8,5,8,4,7,5
1996,5,9,10,4,2,5
1997,6,8,3,7,7,5
1998,6,6,8,7,6,6
1999,7,4,10,6,8,9
2000,3,6,5,4,7,5
2001,6,9,6,7,4,8
2002,5,6,5,5,2,10
2003,8,4,9,9,5,7
2004,4,2,6,9,7,7
2005,7,4,5,6,6,7
2006,6,8,6,4,8,1
2007,3,6,8,6,10,4
2008,5,6,5,4,6,5
2009,8,9,8,7,7,6
2010,6,1,1,9,7,9
2011,6,6,5,7,7,6
2012,7,6,4,4,9,3
2013,4,6,7,5,4,7
2014,5,4,9,6,7,8
2015,5,4,6,6,6,9
2016,7,7,3,8,10,5
2017,7,6,8,5,7,5
2018,5,8,8,8,5,8
2019,9,2,7,9,6,6
2020,7,6,5,8,8,4
2021,9,5,8,6,5,4
2022,5,7,7,7,4,4
2023,9,4,3,5,5,8
2024,7,6,5,7,10,6
2025,4,3,6,6,6,6
2026,3,7,6,8,8,10
2027,7,5,7,6,9,7
2028,5,7,9,7,6,10
2029,10,7,6,7,5,6
2030,6,8,6,8,3,7
2031,7,4,7,4,5,5
2032,1,5,5,7,8,5
2033,7,6,2,5,8,6
2034,5,5,3,6,5,6
2035,10,5,7,5,5,7
2036,6,8,5,4,6,8
2037,4,7,7,6,9,4
2038,8,4,5,7,4,5
2039,4,6,8,8,4,5
2040,10,9,6,8,5,7
2041,4,8,4,8,8,7
2042,3,6,3,7,7,2
2043,10,7,5,8,8,7
2044,3,5,6,2,8,8
2045,7,8,6,7,1,5
2046,6,6,6,6,6,7
2047,1,4,4,6,5,5
2048,9,6,2,7,4,5
2049,6,7,8,6,4,9
2050,7,5,3,2,5,6
2051,6,8,6,5,7,9
2052,8,6,7,8,4,6
2053,3,7,5,6,7,3
2054,4,10,7,8,7,6
2055,8,4,5,10,6,4
2056,7,5,6,8,7,5
2057,7,5,4,7,5,7
2058,4,6,6,6,7,2
2059,4,8,7,7,6,9
2060,5,5,5,6,5,8
2061,6,7,4,6,3,7
2062,6,6,9,6,9,3
2063,3,9,9,7,6,6
2064,6,9,9,5,5,6
2065,7,6,4,7,8,8
2066,4,7,2,6,5,5
2067,4,6,4,3,10,9
2068,5,3,7,8,6,10
2069,2,5,5,5,6,7
2070,6,6,2,6,5,3
2071,4,8,2,7,5,3
2072,6,7,7,6,8,4
2073,6,4,6,6,8,3
2074,5,4,9,6,4,5
2075,10,6,7,6,4,10
2076,7,5,4,5,5,8
2077,5,5,7,4,5,6
2078,7,6,4,6,6,4
2079,4,9,8,8,6,10
2080,5,10,4,4,7,7
2081,5,6,4,8,3,4
2082,6,5,3,6,7,2
2083,6,8,6,9,7,10
2084,7,5,6,7,8,4
2085,7,4,9,6,6,5
2086,6,8,2,7,5,7
2087,6,9,7,8,2,3
2088,7,5,8,5,9,5
2089,4,9,6,5,6,6
2090,6,4,6,4,7,9
2091,6,5,5,6,3,7
2092,7,7,7,9,9,7
2093,7,5,7,6,7,8
2094,4,8,5,5,6,7
2095,6,5,8,6,8,5
2096,8,6,1,7,5,5
2097,8,8,5,8,4,4
2098,8,5,5,7,6,3
2099,6,3,4,7,7,1
2100,5,6,5,7,3,7
2101,4,10,5,7,7,6
2102,5,6,5,5,7,4
2103,7,7,6,10,7,7
2104,4,4,3,8,9,7
2105,6,6,8,5,6,5
2106,6,10,6,8,8,6
2107,6,3,5,7,6,9
2108,5,5,3,6,7,5
2109,7,7,7,6,9,5
2110,8,7,3,6,7,3
2111,9,5,9,7,7,7
2112,4,7,3,7,5,2
2113,6,10,6,7,4,5
2114,2,7,6,7,10,7
2115,5,6,5,10,8,8
2116,4,4,7,6,6,8
2117,6,4,4,8,6,6
2118,6,5,4,9,7,4
2119,8,8,4,5,8,9
2120,5,3,7,6,5,10
2121,4,4,2,6,7,9
2122,4,5,6,7,6,5
2123,7,9,5,5,8,7
2124,7,6,7,9,6,4
2125,6,3,6,5,6,7
2126,6,6,7,6,7,6
2127,5,8,4,6,3,5
2128,5,10,4,7,10,8
2129,4,5,9,5,6,4
2130,9,4,8,4,6,3
2131,10,5,8,6,6,6
2132,5,5,6,6,9,6
2133,9,8,4,5,9,2
2134,6,8,8,10,6,6
2135,7,3,7,4,10,7
2136,5,6,2,8,9,7
2137,6,5,6,5,6,1
2138,6,4,6,10,7,4
2139,3,4,3,5,3,9
2140,8,4,10,9,5,6
2141,3,3,6,7,6,6
2142,6,5,7,8,8,7
2143,7,6,6,4,5,8
2144,6,6,5,5,8,10
2145,9,4,6,7,4,3
2146,4,3,7,7,8,4
2147,7,7,9,7,4,6
2148,7,4,3,8,7,2
2149,8,9,7,6,5,7
2150,6,6,5,8,6,7
2151,3,3,1,7,3,5
2152,5,7,5,6,8,6
2153,4,4,9,8,4,7
2154,6,8,7,5,6,5
2155,5,6,5,6,9,6
2156,2,6,7,6,7,8
2157,5,4,4,7,3,8
2158,8,7,4,5,7,7
2159,5,2,9,8,7,4
2160,8,6,6,9,8,8
2161,5,4,7,8,6,4
2162,1,9,4,7,9,9
2163,6,4,5,4,8,5
2164,8,7,8,5,9,7
2165,6,3,8,7,10,7
2166,8,8,7,7,6,6
2167,7,7,5,6,6,3
2168,3,8,3,8,7,9
2169,4,9,6,4,5,5
2170,9,8,8,7,9,1
2171,9,6,9,6,6,7
2172,7,8,5,9,5,7
2173,1,6,5,8,5,6
2174,8,9,7,7,5,4
2175,8,5,6,8,3,7
2176,9,9,4,6,5,5
2177,8,8,4,6,8,8
2178,4,8,4,4,4,8
2179,6,5,8,7,4,7
2180,4,4,6,4,3,6
2181,6,6,7,7,3,6
2182,7,10,5,6,4,6
2183,8,7,4,7,5,5
2184,8,6,4,6,4,8
2185,5,1,7,4,5,4
2186,1,8,8,6,4,7
2187,2,5,3,10,5,6
2188,6,1,9,5,4,7
2189,5,5,7,7,5,5
2190,7,6,6,6,7,4
2191,4,10,1,7,3,3
2192,4,5,6,6,5,4
2193,5,6,2,5,7,7
2194,7,6,7,7,7,7
2195,5,7,4,7,7,7
2196,4,6,8,7,3,8
2197,2,8,3,7,9,9
2198,6,5,5,3,8,6
2199,10,7,7,6,6,7
2200,4,8,8,9,10,8
2201,5,7,6,7,2,6
2202,9,5,3,9,8,7
2203,6,8,7,7,8,4
2204,2,9,7,7,2,8
2205,10,5,6,5,5,6
2206,2,9,5,5,8,4
2207,8,6,7,4,8,6
2208,7,9,4,6,7,4
2209,7,8,7,6,6,7
2210,6,4,2,8,6,5
2211,6,9,6,6,6,9
2212,6,5,5,6,7,6
2213,7,5,7,10,7,8
2214,5,5,6,8,7,7
2215,5,8,6,7,8,4
2216,3,2,5,7,8,7
2217,7,6,3,8,6,4
2218,2,4,6,4,5,7
2219,6,3,8,5,10,7
2220,7,5,5,5,5,5
2221,1,4,5,6,8,9
2222,9,3,8,4,3,6
2223,3,7,6,4,5,6
2224,3,7,5,6,5,5
2225,10,7,5,6,6,4
2226,7,7,7,8,3,4
2227,9,4,3,5,4,6
2228,7,6,6,6,6,6
2229,4,3,6,5,5,7
2230,2,9,6,5,1,7
2231,5,7,3,5,9,4
2232,5,8,5,7,7,9
2233,8,6,6,6,7,6
2234,9,8,9,4,8,5
2235,4,7,9,6,4,6
2236,5,7,6,7,4,6
2237,6,4,3,8,5,7
2238,5,10,3,5,5,4
2239,3,8,2,5,10,6
2240,9,4,3,8,8,9
2241,7,6,6,4,9,6
2242,7,3,4,7,3,10
2243,5,6,5,5,6,6
2244,7,5,7,7,6,9
2245,5,8,1,5,7,9
2246,6,7,8,7,5,7
2247,4,10,4,6,5,7
2248,10,6,4,6,3,6
2249,5,8,8,5,5,6
2250,2,8,5,9,7,3
2251,5,4,4,5,3,6
2252,5,4,5,2,3,7
2253,6,8,6,7,5,1
2254,9,7,9,9,6,4
2255,5,7,6,8,10,4
2256,3,3,8,5,8,6
2257,2,6,7,5,9,5
2258,1,9,3,7,9,6
2259,5,4,7,5,7,7
2260,8,10,7,5,8,5
2261,6,4,10,7,2,7
2262,8,7,5,7,4,5
2263,7,6,8,6,5,5
2264,4,4,8,7,7,7
2265,9,10,6,9,6,7
2266,6,6,6,8,4,6
2267,4,3,9,6,8,8
2268,5,6,6,6,4,6
2269,3,4,7,8,5,2
2270,6,4,6,6,8,3
2271,3,6,6,9,9,6
2272,4,5,7,7,6,4
2273,6,6,9,6,9,7
2274,6,6,7,6,7,9
2275,5,5,3,8,9,5
2276,6,4,8,6,3,6
2277,8,5,8,7,5,7
2278,5,6,5,4,6,10
2279,7,4,4,6,8,5
2280,6,5,6,7,6,7
2281,4,2,6,6,7,4
2282,5,5,7,4,6,7
2283,8,5,4,8,6,6
2284,1,1,6,8,4,4
2285,6,3,7,8,7,8
2286,8,3,9,7,4,5
2287,6,6,7,5,8,7
2288,9,7,7,5,7,4
2289,6,4,5,5,7,7
2290,7,8,3,5,7,4
2291,6,8,6,8,9,9
2292,5,7,10,6,9,4
2293,8,3,4,6,5,7
2294,2,3,9,5,6,7
2295,6,2,5,8,7,5
2296,2,5,5,7,7,5
2297,7,9,4,9,5,5
2298,6,4,10,6,6,10
2299,6,6,7,7,5,9
2300,8,7,8,5,4,5
2301,4,7,6,3,8,7
2302,8,3,7,7,6,5
2303,5,5,10,7,4,2
2304,7,7,6,7,8,6
2305,10,3,6,6,9,7
2306,6,4,6,6,7,7
2307,8,8,5,7,8,3
2308,6,8,3,5,3,10
2309,6,8,6,7,7,10
2310,7,6,9,6,6,1
2311,8,5,8,7,5,7
2312,4,5,6,6,4,6
2313,8,4,4,10,8,4
2314,4,7,5,7,8,4
2315,8,6,8,9,6,4
2316,5,8,4,7,6,5
2317,7,10,4,4,8,7
2318,6,6,9,8,7,5
2319,9,5,2,7,4,8
2320,10,9,3,7,5,3
2321,5,3,5,8,9,10
2322,8,5,7,5,8,6
2323,7,6,5,8,7,6
2324,6,8,10,10,10,10
2325,8,6,6,4,8,7
2326,5,6,7,8,5,7
2327,2,8,6,7,5,5
2328,2,6,8,6,7,5
2329,7,6,8,8,5,2
2330,5,4,7,7,7,7
2331,8,6,4,10,8,6
2332,10,4,4,7,5,6
2333,3,6,8,6,9,9
2334,9,9,7,8,5,4
2335,8,9,8,6,3,5
2336,7,6,7,8,6,5
2337,6,5,8,7,2,9
2338,7,3,4,5,9,5
2339,10,5,6,8,6,5
2340,5,5,5,8,9,8
2341,7,6,7,6,8,7
2342,6,7,6,7,7,5
2343,5,10,3,6,4,5
2344,6,6,8,7,1,8
2345,4,7,7,5,8,9
2346,5,3,7,7,4,7
2347,4,10,4,10,8,8
2348,6,5,4,6,4,8
2349,7,7,7,6,4,10
2350,6,6,2,9,4,6
2351,4,6,4,7,4,5
2352,8,6,5,8,6,6
2353,8,6,7,7,4,7
2354,8,7,6,9,6,6
2355,7,4,7,7,9,7
2356,9,8,5,7,4,10
2357,5,9,10,9,6,8
2358,6,10,6,8,8,4
2359,1,7,3,8,6,5
2360,4,5,5,10,6,4
2361,7,3,5,7,5,5
2362,7,5,6,5,6,9
2363,9,3,5,4,7,4
2364,8,6,6,6,6,6
2365,8,9,6,9,6,5
2366,9,6,6,6,3,3
2367,7,7,8,5,4,9
2368,6,6,8,5,10,9
2369,2,4,5,7,10,5
2370,5,6,4,5,2,5
2371,8,7,4,6,4,7
2372,6,5,9,6,6,6
2373,8,10,6,6,6,4
2374,4,2,5,5,9,7
2375,7,8,5,8,3,4
2376,6,8,7,6,6,8
2377,6,9,8,7,5,7
2378,8,6,7,10,5,2
2379,6,5,5,8,6,4
2380,5,5,3,8,6,7
2381,3,6,4,5,7,5
2382,7,5,1,5,2,4
2383,5,7,6,4,9,4
2384,5,7,9,6,8,6
2385,5,5,5,5,3,6
2386,5,4,6,9,4,5
2387,9,4,4,6,8,4
2388,5,10,5,9,7,5
2389,7,7,4,7,5,9
2390,8,7,6,5,7,5
2391,5,7,2,4,5,8
2392,6,8,6,5,5,8
2393,4,4,5,4,5,7
2394,7,4,7,7,7,5
2395,4,7,9,7,5,6
2396,4,7,9,7,5,8
2397,4,7,4,4,7,7
2398,7,7,10,10,8,7
2399,9,6,9,6,2,5
2400,8,10,2,7,4,8
2401,4,7,7,8,7,6
2402,7,4,9,7,3,2
2403,7,7,7,5,6,2
2404,5,3,8,4,6,2
2405,5,8,5,7,6,7
2406,5,3,6,4,8,9
2407,5,5,7,9,4,4
2408,6,5,7,6,3,6
2409,6,5,8,5,6,8
2410,4,7,7,6,6,6
2411,7,6,5,7,9,7
2412,7,9,8,6,6,5
2413,4,6,5,8,6,1
2414,8,5,5,4,9,3
2415,6,6,5,6,6,5
2416,5,7,7,6,3,8
2417,6,9,5,5,6,6
2418,10,6,6,7,7,6
2419,4,4,8,5,7,8
2420,7,8,4,6,6,7
2421,7,3,7,6,6,7
2422,6,8,7,9,7,8
2423,6,5,4,3,8,9
2424,6,7,7,7,5,7
2425,9,7,7,6,6,6
2426,5,4,7,9,7,2
2427,4,5,6,9,9,10
2428,7,7,5,8,6,3
2429,6,8,7,8,6,4
2430,6,8,9,7,6,3
2431,9,6,6,8,7,4
2432,5,4,5,7,5,5
2433,5,6,10,7,7,3
2434,5,6,8,4,8,7
2435,7,7,7,7,5,9
2436,5,7,7,8,5,4
2437,9,5,7,6,5,7
2438,5,7,8,4,5,8
2439,9,3,6,7,7,3
2440,7,2,2,6,9,6
2441,1,5,5,6,9,7
2442,5,4,7,5,9,4
2443,7,7,5,9,4,6
2444,7,7,5,8,9,8
2445,5,9,6,7,8,6
2446,6,5,6,6,6,6
2447,10,5,8,5,6,7
2448,1,8,5,6,8,7
2449,6,4,4,9,7,4
2450,7,10,8,7,8,4
2451,7,5,4,6,10,8
2452,6,6,8,7,5,4
2453,5,7,3,5,9,4
2454,1,6,9,7,2,6
2455,6,7,5,9,5,7
2456,7,5,8,5,6,4
2457,7,8,6,6,5,5
2458,6,9,4,7,6,6
2459,7,7,4,10,8,7
2460,9,6,7,6,4,9
2461,9,3,3,8,8,5
2462,9,8,8,6,6,7
2463,7,6,9,8,5,8
2464,7,3,4,10,6,7
2465,7,1,6,6,6,5
2466,7,5,4,6,9,4
2467,6,3,5,8,7,5
2468,5,7,5,8,7,8
2469,5,7,5,6,1,7
2470,5,9,4,6,3,4
2471,6,3,5,8,5,8
2472,6,6,8,8,7,7
2473,5,6,5,8,5,4
2474,8,7,4,4,7,4
2475,1,5,7,5,5,4
2476,9,4,7,8,8,6
2477,6,3,5,6,3,7
2478,5,7,3,4,4,8
2479,5,5,7,5,3,5
2480,10,10,2,7,10,8
2481,6,7,3,8,4,8
2482,4,9,6,8,5,6
2483,9,8,7,9,8,5
2484,4,6,5,5,6,7
2485,4,4,6,7,9,1
2486,5,6,3,9,5,6
2487,5,9,7,7,8,3
2488,4,6,8,7,5,8
2489,2,4,5,7,5,6
2490,8,7,7,9,9,6
2491,7,6,7,7,5,3
2492,9,10,9,6,6,5
2493,7,6,3,6,4,7
2494,7,6,6,6,8,7
2495,8,7,3,8,5,4
2496,5,7,6,4,7,6
2497,9,7,10,7,4,7
2498,5,5,6,6,5,9
2499,3,5,6,10,6,7
2500,8,7,6,6,6,5
2501,5,5,7,7,9,7
2502,8,7,3,5,9,8
2503,3,3,3,9,6,10
2504,6,6,8,7,7,4
2505,4,4,7,6,5,5
2506,3,7,8,8,7,7
2507,9,7,9,7,6,5
2508,7,6,9,4,8,6
2509,4,6,8,6,7,6
2510,6,4,6,6,5,6
2511,6,3,3,4,4,5
2512,7,10,5,8,9,7
2513,8,4,8,5,3,8
2514,9,4,6,4,7,5
2515,9,5,7,5,7,6
2516,8,7,6,6,3,2
2517,2,6,6,7,1,3
2518,6,4,6,9,3,3
2519,5,9,4,8,6,7
2520,5,8,5,6,7,6
2521,5,9,4,6,7,6
2522,7,7,5,7,6,7
2523,6,7,6,6,4,3
2524,4,8,8,7,6,5
2525,7,7,6,7,7,10
2526,1,8,10,8,6,6
2527,7,8,8,6,6,8
2528,7,2,8,5,8,9
2529,4,5,5,6,9,7
2530,5,5,6,9,8,7
2531,6,8,8,5,6,4
2532,8,10,7,7,7,6
2533,10,10,6,7,5,6
2534,6,9,6,9,8,8
2535,4,3,8,7,10,4
2536,3,6,6,2,5,7
2537,7,10,6,4,6,6
2538,4,5,8,8,7,7
2539,5,7,7,5,2,9
2540,8,3,4,6,8,7
2541,7,7,3,4,4,9
2542,5,5,6,5,5,8
2543,3,6,7,5,9,4
2544,4,7,3,6,4,8
2545,9,6,4,7,10,9
2546,3,7,6,6,8,5
2547,5,3,7,6,7,7
2548,6,5,7,8,10,4
2549,5,6,10,9,10,7
2550,10,7,4,6,6,9
2551,5,6,4,5,9,1
2552,4,10,2,6,5,5
2553,10,9,7,7,4,4
2554,8,6,3,6,5,10
2555,4,7,7,7,8,7
2556,6,7,8,6,6,5
2557,7,10,8,6,4,4
2558,4,6,7,7,4,3
2559,5,7,7,5,6,5
2560,5,8,6,6,6,9
2561,7,6,7,7,4,7
2562,8,4,6,5,2,4
2563,4,7,7,4,5,8
2564,6,4,5,5,7,6
2565,5,7,4,4,6,8
2566,6,9,9,8,5,2
2567,5,5,5,6,10,6
2568,6,7,9,5,6,5
2569,7,6,6,6,6,3
2570,8,8,7,6,2,7
2571,8,8,9,9,2,2
2572,2,8,7,8,3,4
2573,6,1,5,3,8,4
2574,7,3,6,6,7,4
2575,6,3,6,5,8,7
2576,6,6,8,8,4,3
2577,9,6,6,4,8,5
2578,5,8,10,6,3,10
2579,3,4,6,6,7,4
2580,6,4,5,8,7,6
2581,7,6,4,5,7,8
2582,6,4,3,6,6,8
2583,6,3,2,7,5,4
2584,5,7,4,6,5,4
2585,2,4,8,7,5,8
2586,7,5,8,9,7,7
2587,7,2,8,8,1,6
2588,6,4,5,6,3,5
2589,8,5,2,8,6,7
2590,3,6,6,5,7,3
2591,3,8,8,7,8,7
2592,6,5,2,8,2,4
2593,7,6,3,9,6,6
2594,7,9,5,8,6,6
2595,4,7,6,5,2,4
2596,9,8,5,5,7,8
2597,7,7,4,6,10,8
2598,7,4,10,6,7,2
2599,7,7,8,6,7,6
2600,4,4,6,6,5,6
2601,10,3,9,4,5,4
2602,4,10,5,7,4,4
2603,7,6,3,5,5,3
2604,5,4,3,5,4,9
2605,4,2,3,5,5,9
2606,5,6,6,7,3,7
2607,4,5,3,7,9,3
2608,5,5,8,5,5,7
2609,10,8,6,5,4,5
2610,6,7,7,7,8,7
2611,6,5,4,9,6,7
2612,7,8,7,8,4,3
2613,6,6,9,7,7,5
2614,5,8,4,6,7,6
2615,8,5,5,6,5,7
2616,3,5,8,5,6,4
2617,4,10,9,10,5,4
2618,1,5,5,7,7,7
2619,3,5,5,8,7,4
2620,7,2,8,9,6,10
2621,5,6,8,8,5,7
2622,5,2,6,7,4,5
2623,6,7,5,7,6,9
2624,5,8,7,3,7,4
2625,2,6,3,5,5,6
2626,5,5,7,7,7,6
2627,3,9,9,4,5,5
2628,3,8,3,4,8,3
2629,6,6,8,5,6,6
2630,7,5,6,6,7,4
2631,8,8,10,6,5,7
2632,7,2,6,5,2,5
2633,10,7,9,6,7,7
2634,8,4,5,8,5,5
2635,3,7,4,9,5,6
2636,6,8,6,6,6,8
2637,6,6,7,7,9,8
2638,8,8,8,9,7,3
2639,5,8,8,6,8,5
2640,6,6,6,7,7,9
2641,6,6,3,7,4,4
2642,5,3,6,6,8,6
2643,3,4,6,6,4,4
2644,6,6,3,5,8,2
2645,4,7,6,8,7,6
2646,5,5,5,6,7,9
2647,5,7,10,6,6,6
2648,6,9,7,5,8,6
2649,6,6,7,8,9,5
2650,7,5,5,5,6,8
2651,5,7,5,7,3,8
2652,8,7,10,7,6,4
2653,9,2,6,7,10,6
2654,4,9,6,8,6,5
2655,5,6,4,7,5,10
2656,7,8,10,7,6,4
2657,6,9,4,7,8,7
2658,4,4,7,5,10,5
2659,8,7,5,7,4,4
2660,4,5,7,5,4,6
2661,8,7,10,8,6,8
2662,6,9,6,5,6,10
2663,4,3,6,7,5,6
2664,3,10,5,7,8,6
2665,7,6,2,7,10,3
2666,9,6,4,7,8,7
2667,9,9,5,6,7,6
2668,9,6,9,7,6,7
2669,5,6,3,7,9,6
2670,8,9,5,6,7,7
2671,6,9,5,6,7,6
2672,5,5,6,7,8,6
2673,9,5,7,8,8,5
2674,7,6,6,8,8,7
2675,5,4,7,6,7,6
2676,4,5,4,5,8,7
2677,2,5,5,6,10,6
2678,7,6,6,2,5,6
2679,9,8,5,7,5,5
2680,5,5,4,10,7,4
2681,5,5,8,7,4,7
2682,7,8,10,7,5,8
2683,2,9,7,7,8,7
2684,4,5,8,5,2,5
2685,5,3,7,6,5,6
2686,2,7,4,5,9,10
2687,8,9,6,6,10,10
2688,9,5,6,7,7,3
2689,8,3,7,6,5,7
2690,8,9,4,7,10,6
2691,6,6,4,4,6,7
2692,7,10,9,8,8,6
2693,7,9,9,9,8,9
2694,5,7,4,7,4,6
2695,5,4,4,9,6,3
2696,6,7,3,4,7,3
2697,6,4,8,3,5,9
2698,5,8,3,7,7,7
2699,5,9,7,7,5,4
2700,5,3,5,5,6,2
2701,4,9,4,5,4,3
2702,3,7,3,6,8,6
2703,8,4,6,7,5,7
2704,6,6,6,8,5,7
2705,8,6,5,6,6,7
2706,6,5,7,6,6,6
2707,4,6,6,4,7,5
2708,6,8,8,6,6,6
2709,7,5,8,8,4,8
2710,5,6,4,8,8,6
2711,3,5,6,7,3,5
2712,1,5,5,4,7,7
2713,10,4,7,8,4,8
2714,5,6,8,9,6,8
2715,5,6,6,8,4,6
2716,7,5,9,8,8,8
2717,6,6,7,8,6,7
2718,7,6,6,6,6,7
2719,3,6,3,6,9,8
2720,7,10,3,4,7,5
2721,1,7,6,7,7,8
2722,6,5,6,7,7,8
2723,8,6,8,10,5,7
2724,9,4,3,6,5,9
2725,6,8,7,8,6,5
2726,4,7,6,10,3,5
2727,1,5,7,6,3,6
2728,10,8,8,6,4,7
2729,8,6,4,4,6,5
2730,9,2,6,7,8,8
2731,7,7,10,5,6,3
2732,6,2,5,6,8,8
2733,6,4,5,7,2,4
2734,6,7,7,7,10,4
2735,9,7,3,5,6,8
2736,8,5,10,7,7,4
2737,7,4,5,6,5,5
2738,7,4,6,9,6,3
2739,8,7,5,6,5,6
2740,7,7,2,8,6,7
2741,9,5,5,5,6,5
2742,2,10,1,7,7,5
2743,4,5,7,7,5,7
2744,6,7,6,7,2,6
2745,6,3,6,7,8,5
2746,7,9,4,8,7,9
2747,8,10,5,9,5,6
2748,4,8,8,7,6,7
2749,3,3,3,7,7,1
2750,7,6,7,7,4,5
2751,9,5,6,7,4,7
2752,5,2,4,7,8,4
2753,6,8,5,7,6,5
2754,6,3,4,9,7,6
2755,10,10,6,5,5,6
2756,9,7,10,6,7,6
2757,10,7,6,5,6,8
2758,5,8,9,4,6,9
2759,6,2,7,6,6,7
2760,5,5,7,6,8,6
2761,6,6,7,6,5,8
2762,6,6,7,8,7,8
2763,10,4,6,6,6,6
2764,5,7,8,8,6,5
2765,6,6,7,7,9,5
2766,6,8,4,6,8,3
2767,10,1,5,6,7,7
2768,6,9,6,7,5,7
2769,6,6,5,5,6,5
2770,6,7,10,10,8,10
2771,5,7,6,3,4,6
2772,4,4,1,6,5,4
2773,7,6,4,8,4,10
2774,5,9,3,6,5,5
2775,9,4,5,5,5,4
2776,8,9,3,4,7,2
2777,6,8,5,7,5,3
2778,8,5,3,7,4,7
2779,2,8,4,8,6,7
2780,5,5,4,5,3,6
2781,9,5,6,8,6,7
2782,4,7,7,6,10,6
2783,7,6,6,6,4,6
2784,4,4,6,7,7,8
2785,7,5,6,4,6,4
2786,5,3,5,6,6,7
2787,9,7,6,6,8,4
2788,5,7,10,6,5,5
2789,7,6,7,7,9,7
2790,8,6,9,7,6,3
2791,2,7,9,7,5,7
2792,2,4,3,4,3,6
2793,5,7,4,6,7,5
2794,5,6,7,6,6,5
2795,6,4,8,6,7,7
2796,3,5,8,7,6,6
2797,7,6,6,5,4,6
2798,4,6,4,5,10,6
2799,4,4,7,4,9,4
2800,3,7,10,10,5,4
2801,5,7,6,6,6,3
2802,6,5,2,9,10,6
2803,7,2,5,4,10,4
2804,5,5,7,7,5,4
2805,7,7,8,7,4,3
2806,8,4,8,6,5,10
2807,10,8,5,10,3,9
2808,4,3,4,6,5,9
2809,5,4,5,6,6,6
2810,4,6,6,6,7,6
2811,1,6,5,6,3,6
2812,6,6,6,7,4,7
2813,5,9,5,10,6,6
2814,6,5,5,8,9,7
2815,8,4,7,5,8,7
2816,9,5,6,5,6,8
2817,7,6,2,9,2,9
2818,6,8,5,6,4,5
2819,10,3,3,5,7,1
2820,8,8,9,6,4,9
2821,7,6,5,7,6,9
2822,8,6,4,6,3,4
2823,4,9,6,6,6,7
2824,8,7,5,7,5,6
2825,3,6,5,7,4,6
2826,7,7,3,7,6,4
2827,2,5,7,6,4,7
2828,9,6,7,6,7,7
2829,6,4,6,5,7,7
2830,7,7,6,6,9,5
2831,6,4,5,5,8,5
2832,5,4,6,4,9,8
2833,4,8,8,5,4,6
2834,7,5,8,7,6,4
2835,5,7,5,8,6,9
2836,8,5,4,8,8,8
2837,6,8,6,9,3,5
2838,6,3,4,5,5,7
2839,6,8,8,7,7,7
2840,6,8,7,6,9,7
2841,6,7,6,6,4,5
2842,8,9,8,7,2,7
2843,1,6,8,7,5,9
2844,5,7,3,5,7,8
2845,8,5,9,2,6,8
2846,8,3,10,7,7,5
2847,4,5,4,7,6,4
2848,9,5,8,7,3,7
2849,6,5,6,7,3,9
2850,5,7,8,6,6,5
2851,7,8,6,7,5,2
2852,8,4,5,8,9,4
2853,6,6,5,6,5,2
2854,4,2,5,3,5,10
2855,6,6,4,5,7,4
2856,2,4,6,9,8,5
2857,5,6,3,6,6,5
2858,5,6,5,2,6,9
2859,6,3,8,3,4,6
2860,6,3,5,4,6,5
2861,7,6,4,5,5,3
2862,9,7,8,7,8,7
2863,4,9,10,8,1,7
2864,9,10,3,7,7,2
2865,4,9,1,6,5,8
2866,5,5,8,3,4,8
2867,10,7,7,5,9,8
2868,4,8,8,7,6,9
2869,5,5,6,8,9,7
2870,6,7,4,5,6,5
2871,7,4,6,8,5,5
2872,3,9,6,6,3,3
2873,6,3,6,5,3,7
2874,5,6,10,6,8,10
2875,4,7,2,7,7,5
2876,1,8,9,5,3,9
2877,6,7,4,8,6,8
2878,5,7,6,4,5,4
2879,6,4,8,6,5,6
2880,7,3,6,9,6,4
2881,4,10,6,5,8,4
2882,5,4,6,7,9,6
2883,4,8,8,7,7,4
2884,9,9,7,5,6,5
2885,9,4,7,5,7,7
2886,10,5,5,4,7,4
2887,4,7,6,7,3,9
2888,4,8,5,9,9,9
2889,5,9,7,9,7,7
2890,7,5,4,4,6,7
2891,8,5,8,8,7,7
2892,3,5,2,9,2,7
2893,5,4,5,7,7,5
2894,3,4,5,5,9,7
2895,5,7,8,4,7,3
2896,6,5,5,10,10,5
2897,6,7,3,6,9,3
2898,6,7,5,6,6,3
2899,4,4,8,10,9,6
2900,7,6,8,6,4,7
2901,5,6,3,8,4,4
2902,6,5,2,5,2,9
2903,5,8,4,7,5,4
2904,7,6,6,7,4,5
2905,5,4,7,3,7,7
2906,8,6,10,8,6,6
2907,6,4,6,4,10,6
2908,3,7,5,7,7,7
2909,7,5,7,8,6,3
2910,10,6,4,7,5,6
2911,9,2,10,5,7,5
2912,6,9,3,6,6,4
2913,7,2,8,2,8,5
2914,2,7,5,6,7,3
2915,8,6,2,8,5,9
2916,6,6,8,8,3,6
2917,7,5,9,6,9,5
2918,6,5,3,7,7,8
2919,8,4,8,7,3,6
2920,3,5,4,2,10,4
2921,8,7,6,4,7,5
2922,6,7,7,4,3,8
2923,6,3,8,9,8,5
2924,4,5,3,6,6,4
2925,2,7,6,8,10,4
2926,9,4,6,7,8,8
2927,3,8,7,8,6,10
2928,6,7,5,6,9,6
2929,6,5,7,9,4,3
2930,7,10,7,10,7,4
2931,5,8,6,7,7,6
2932,8,6,6,6,9,3
2933,5,8,3,10,5,7
2934,6,7,8,6,8,3
2935,8,5,8,7,10,3
2936,6,6,5,5,7,8
2937,9,9,7,8,6,6
2938,4,8,3,6,5,7
2939,6,7,6,6,8,7
2940,7,5,9,6,3,6
2941,2,7,5,6,5,1
2942,8,8,4,6,7,4
2943,6,8,5,7,5,6
2944,9,6,8,7,10,8
2945,7,8,6,10,5,7
2946,10,6,6,7,4,3
2947,9,4,3,7,5,9
2948,6,6,8,7,5,3
2949,5,4,7,10,3,6
2950,10,7,3,7,5,5
2951,6,9,5,5,7,7
2952,7,5,7,8,6,10
2953,4,10,5,6,6,1
2954,6,8,9,5,5,4
2955,9,6,7,5,10,3
2956,7,6,4,4,7,4
2957,5,7,8,7,7,9
2958,3,3,5,7,9,2
2959,2,5,9,5,7,5
2960,8,7,4,7,5,10
2961,5,3,8,6,7,4
2962,7,7,1,7,6,9
2963,5,2,6,3,9,8
2964,8,5,7,9,6,7
2965,7,8,8,5,5,8
2966,3,6,9,7,3,6
2967,3,10,5,7,10,7
2968,1,8,6,10,7,7
2969,8,9,5,10,6,9
2970,7,10,8,8,4,4
2971,5,4,5,6,5,10
2972,9,5,5,5,7,5
2973,7,5,5,9,5,4
2974,4,3,10,9,10,9
2975,5,4,4,7,9,4
2976,5,4,6,7,8,4
2977,5,9,7,6,6,4
2978,2,7,9,5,4,10
2979,3,6,4,7,9,4
2980,7,7,4,4,7,5
2981,3,6,6,8,4,7
2982,2,7,8,6,7,8
2983,6,8,7,9,5,6
2984,2,6,3,9,8,2
2985,9,2,9,5,5,6
2986,5,6,6,5,3,3
2987,6,7,8,8,6,6
2988,7,4,6,5,6,2
2989,3,4,4,7,5,7
2990,5,5,6,5,7,6
2991,6,7,3,6,6,2
2992,6,8,9,6,5,10
2993,3,5,8,7,7,8
2994,8,3,9,3,7,5
2995,5,3,7,5,7,6
2996,7,4,5,7,7,4
2997,5,2,6,5,7,9
2998,9,4,5,7,6,6
2999,4,4,6,6,5,3
3000,5,9,6,6,4,5
3001,5,5,8,7,2,8
3002,6,1,2,7,5,9
3003,10,8,7,10,3,10
3004,6,4,9,7,5,9
3005,8,6,6,5,8,6
3006,2,1,10,6,7,9
3007,6,6,7,6,7,2
3008,8,9,8,7,6,6
3009,5,5,8,5,8,7
3010,5,6,7,5,5,5
3011,9,7,5,8,2,7
3012,6,8,5,6,4,7
3013,10,8,9,8,6,2
3014,9,3,7,9,7,7
3015,7,10,4,8,4,5
3016,8,6,8,8,3,4
3017,10,2,4,7,3,5
3018,7,4,6,6,3,6
3019,7,6,7,6,6,6
3020,4,7,6,7,8,5
3021,10,9,10,8,7,7
3022,6,5,4,8,4,9
3023,4,5,7,6,7,7
3024,7,2,6,3,4,6
3025,10,7,7,8,9,6
3026,2,7,6,9,5,7
3027,2,4,6,5,5,3
3028,2,5,6,7,6,7
3029,6,6,2,5,6,5
3030,3,5,8,7,8,7
3031,5,7,4,7,6,5
3032,4,8,3,6,6,4
3033,10,5,7,6,8,3
3034,6,9,9,6,5,7
3035,6,5,5,6,9,2
3036,7,3,3,6,5,1
3037,5,5,8,7,6,7
3038,8,9,6,6,8,7
3039,7,6,4,5,7,3
3040,7,4,7,5,7,7
3041,6,7,4,5,6,5
3042,4,1,4,10,2,4
3043,4,6,5,6,2,5
3044,5,4,4,6,10,8
3045,8,6,5,9,5,4
3046,5,8,7,6,5,10
3047,6,7,7,8,5,8
3048,5,8,4,8,9,7
3049,5,9,5,6,4,7
3050,7,8,4,4,4,7
3051,6,8,10,7,7,10
3052,7,8,7,3,6,5
3053,6,4,5,4,5,4
3054,6,8,9,4,6,9
3055,6,5,8,6,5,6
3056,7,9,7,7,7,4
3057,6,9,6,6,9,7
3058,9,10,8,6,8,6
3059,6,7,2,10,6,3
3060,6,7,6,5,8,6
3061,8,8,6,6,5,5
3062,7,7,7,4,8,8
3063,8,5,3,7,8,8
3064,3,7,4,7,6,8
3065,5,6,7,6,6,6
3066,7,5,4,4,6,10
3067,10,5,1,4,6,7
3068,5,8,5,7,4,6
3069,6,5,6,9,1,4
3070,5,6,2,7,5,1
3071,5,1,4,4,9,4
3072,9,3,8,7,5,8
3073,3,6,4,4,7,6
3074,7,5,9,9,5,8
3075,4,3,7,6,8,7
3076,6,7,6,10,4,4
3077,5,5,8,4,10,10
3078,7,5,8,5,8,5
3079,9,4,8,7,4,4
3080,3,7,1,6,8,8
3081,7,3,5,5,8,8
3082,7,4,5,5,5,9
3083,8,8,7,7,5,7
3084,4,6,5,4,6,7
3085,5,6,2,6,2,4
3086,5,8,7,6,3,4
3087,9,6,6,5,7,3
3088,6,8,7,8,5,4
3089,10,1,3,7,5,1
3090,7,5,6,6,7,3
3091,5,5,7,5,5,6
3092,7,5,6,7,7,6
3093,6,8,6,5,4,6
3094,4,5,7,8,7,4
3095,9,9,6,5,4,8
3096,7,6,3,3,6,8
3097,9,4,3,7,7,6
3098,6,8,8,6,8,5
3099,8,5,5,6,9,3
3100,8,7,5,7,7,8
3101,6,8,8,8,4,6
3102,5,7,4,7,4,2
3103,7,7,7,5,10,6
3104,9,1,9,7,1,3
3105,5,7,2,6,9,10
3106,5,3,7,8,10,7
3107,6,9,9,7,8,4
3108,4,9,4,8,7,8
3109,3,5,6,7,7,6
3110,5,7,8,7,4,9
3111,5,5,8,6,9,3
3112,5,5,4,6,3,5
3113,6,7,7,9,8,5
3114,6,7,4,7,5,5
3115,6,6,7,7,4,6
3116,7,9,8,8,4,4
3117,3,5,8,6,2,5
3118,7,5,7,5,8,6
3119,5,7,3,5,6,6
3120,5,5,5,5,7,5
3121,6,5,2,7,6,7
3122,3,3,8,8,6,8
3123,5,5,6,7,7,7
3124,6,7,7,7,7,7
3125,8,6,5,5,7,5
3126,8,3,4,6,9,8
3127,5,8,3,8,4,6
3128,4,6,8,8,5,4
3129,5,5,7,7,5,5
3130,5,3,4,8,7,5
3131,5,5,8,5,2,4
3132,10,4,3,6,9,3
3133,10,6,7,7,2,7
3134,9,9,5,6,7,8
3135,8,6,8,8,5,5
3136,4,7,7,7,5,8
3137,6,7,6,9,7,6
3138,5,3,5,7,6,6
3139,6,6,7,6,5,6
3140,5,2,1,6,5,5
3141,6,5,9,8,6,3
3142,8,10,7,8,3,7
3143,3,1,6,4,6,6
3144,7,6,3,9,4,2
3145,5,7,9,9,5,2
3146,1,7,8,6,10,7
3147,8,6,6,8,5,6
3148,9,2,10,7,8,3
3149,8,5,6,7,4,6
3150,4,7,6,4,4,1
3151,6,5,10,6,6,6
3152,5,10,5,7,4,5
3153,8,9,5,6,7,4
3154,5,8,7,4,7,10
3155,5,7,4,7,7,8
3156,9,6,5,6,3,3
3157,4,8,8,7,7,6
3158,3,6,7,7,6,8
3159,8,8,6,5,6,10
3160,4,4,3,7,2,7
3161,7,4,5,8,7,1
3162,8,9,7,6,3,4
3163,8,6,7,8,4,7
3164,6,7,6,9,6,8
3165,3,6,6,2,5,10
3166,4,5,7,9,6,4
3167,7,8,6,6,6,2
3168,6,5,8,7,8,9
3169,6,8,8,4,4,7
3170,7,6,6,5,6,7
3171,7,1,10,8,4,6
3172,2,5,2,8,6,7
3173,7,6,6,8,8,7
3174,4,6,3,5,5,6
3175,6,6,4,3,5,4
3176,8,10,6,7,3,6
3177,4,6,6,5,5,1
3178,9,6,4,8,8,6
3179,10,6,5,7,7,4
3180,6,6,4,7,6,6
3181,6,5,8,6,3,2
3182,4,7,6,7,7,6
3183,5,6,8,6,5,7
3184,6,7,9,7,6,6
3185,3,7,4,8,7,3
3186,3,2,7,5,9,9
3187,5,8,3,8,8,5
3188,4,1,8,6,5,6
3189,9,9,8,7,4,8
3190,6,9,7,9,5,8
3191,5,9,4,7,7,6
3192,5,7,7,6,5,1
3193,5,5,8,4,10,6
3194,8,6,8,6,6,5
3195,8,6,6,6,3,3
3196,3,5,7,6,8,8
3197,7,6,7,9,6,6
3198,5,6,1,5,6,9
3199,6,7,5,6,4,10
3200,6,4,10,6,9,5
3201,7,10,9,9,10,7
3202,9,6,5,2,8,7
3203,5,8,4,4,7,7
3204,8,8,5,5,7,5
3205,8,5,5,6,4,8
3206,6,8,9,8,7,3
3207,5,8,5,3,6,7
3208,6,4,8,6,5,4
3209,5,6,10,8,6,9
3210,6,7,4,6,6,7
3211,7,6,6,6,3,4
3212,7,7,8,7,9,1
3213,4,7,2,7,7,10
3214,4,5,8,3,6,10
3215,6,6,4,6,5,4
3216,6,3,4,8,3,5
3217,4,5,9,5,5,8
3218,6,10,5,6,7,7
3219,5,8,8,6,7,4
3220,4,7,5,5,2,6
3221,8,5,8,5,6,5
3222,9,6,9,6,7,6
3223,4,6,4,8,7,7
3224,6,4,7,9,6,5
3225,6,6,3,7,3,5
3226,9,6,7,5,7,7
3227,6,9,6,6,3,1
3228,5,4,3,5,7,7
3229,9,6,5,5,6,6
3230,6,2,3,5,7,5
3231,7,4,9,6,3,5
3232,9,8,6,8,8,3
3233,4,6,5,6,7,7
3234,3,4,8,5,6,7
3235,6,5,7,5,5,6
3236,5,2,8,7,6,7
3237,7,7,7,8,7,9
3238,6,4,7,4,6,6
3239,7,5,5,7,6,9
3240,10,5,10,7,5,7
3241,7,6,5,7,7,5
3242,2,8,3,8,8,7
3243,3,5,6,6,5,8
3244,5,7,6,5,7,6
3245,5,9,1,5,4,3
3246,6,8,6,8,6,8
3247,6,8,8,7,6,8
3248,6,7,7,7,6,4
3249,3,8,5,7,5,6
3250,5,7,8,5,3,7
3251,6,6,7,7,5,8
3252,6,4,7,6,6,6
3253,4,8,6,6,5,3
3254,4,3,7,7,4,7
3255,3,7,7,7,4,5
3256,7,2,9,7,3,8
3257,5,7,4,5,8,3
3258,6,3,4,7,5,8
3259,8,4,5,8,7,4
3260,2,7,9,6,9,8
3261,5,5,6,6,5,6
3262,6,7,6,6,5,9
3263,6,5,5,4,7,7
3264,6,6,9,7,6,2
3265,7,7,4,3,2,7
3266,6,6,4,7,9,4
3267,6,4,10,6,6,10
3268,4,8,6,7,3,6
3269,5,7,5,4,7,5
3270,9,6,9,7,1,9
3271,4,7,8,5,5,4
3272,8,7,7,3,7,7
3273,7,6,4,5,4,3
3274,6,9,6,7,7,6
3275,7,5,5,8,8,3
3276,4,6,4,9,8,6
3277,8,7,7,7,5,6
3278,6,3,10,7,8,5
3279,5,3,4,6,4,5
3280,10,5,6,8,8,5
3281,7,5,2,4,4,5
3282,7,10,7,5,6,5
3283,7,1,10,7,5,8
3284,3,7,7,6,7,5
3285,5,5,7,5,3,7
3286,6,6,4,6,4,8
3287,6,9,2,7,8,7
3288,5,5,5,8,7,4
3289,6,7,6,5,5,7
3290,7,5,5,5,9,6
3291,6,3,5,5,9,3
3292,5,6,6,7,5,5
3293,7,3,4,7,7,9
3294,2,3,4,6,7,3
3295,4,7,4,8,2,6
3296,4,8,7,6,4,6
3297,7,7,6,7,5,7
3298,6,7,4,5,8,10
3299,6,5,6,8,3,7
3300,7,5,5,8,2,3
3301,7,4,7,7,3,3
3302,7,6,8,7,9,3
3303,9,6,7,5,6,7
3304,5,5,6,8,3,10
3305,6,6,5,5,6,6
3306,7,2,2,7,9,8
3307,5,7,7,7,6,6
3308,9,9,6,8,3,6
3309,4,7,9,6,7,6
3310,6,6,2,10,6,10
3311,4,3,4,6,6,6
3312,3,3,8,4,5,10
3313,5,6,5,7,7,3
3314,10,8,5,6,8,4
3315,7,8,5,8,3,7
3316,10,5,4,8,8,7
3317,5,6,7,5,4,8
3318,6,6,8,7,5,7
3319,3,6,6,6,7,7
3320,9,8,7,8,6,8
3321,7,7,5,5,5,3
3322,10,7,9,7,6,8
3323,5,8,6,4,6,6
3324,8,8,5,6,5,7
3325,7,4,6,8,7,5
3326,7,5,7,8,9,5
3327,6,2,8,6,5,4
3328,2,6,3,7,5,7
3329,4,5,5,5,9,4
3330,1,4,8,7,4,5
3331,8,2,7,5,5,6
3332,4,8,7,5,3,8
3333,6,6,9,5,7,5
3334,3,6,7,5,7,8
3335,10,5,6,7,6,3
3336,7,3,7,7,6,7
3337,3,8,5,7,6,7
3338,9,7,4,5,6,6
3339,5,6,8,9,7,10
3340,3,5,7,4,5,8
3341,7,3,5,6,10,8
3342,6,6,4,6,7,10
3343,3,4,3,7,8,7
3344,8,8,10,3,6,4
3345,8,5,7,6,5,7
3346,7,7,10,5,6,6
3347,7,5,9,5,6,8
3348,5,7,6,6,6,3
3349,7,3,8,5,8,3
3350,5,4,9,8,7,5
3351,6,8,6,6,6,4
3352,4,6,5,7,4,7
3353,5,5,2,7,6,6
3354,4,7,8,8,5,8
3355,5,9,6,8,6,8
3356,9,6,1,9,9,9
3357,7,6,5,7,6,7
3358,4,7,8,5,4,5
3359,5,5,8,7,10,9
3360,8,5,10,10,7,3
3361,4,7,1,8,2,6
3362,8,7,8,8,7,7
3363,10,5,7,7,8,6
3364,8,9,4,7,6,7
3365,4,10,6,6,4,5
3366,6,9,7,6,6,6
3367,5,4,6,8,8,9
3368,4,6,4,9,6,4
3369,5,7,6,6,6,6
3370,8,6,9,7,6,8
3371,5,5,7,7,1,5
3372,7,4,6,4,8,9
3373,6,2,6,6,8,9
3374,5,10,4,8,3,7
3375,3,5,8,6,2,9
3376,6,8,8,7,5,6
3377,6,7,5,8,5,8
3378,5,6,3,10,5,4
3379,7,4,6,5,1,4
3380,4,5,8,6,5,5
3381,7,8,4,6,4,5
3382,8,7,2,5,6,7
3383,5,4,6,7,6,5
3384,5,4,8,6,5,7
3385,5,9,3,8,4,5
3386,7,7,6,5,7,6
3387,7,7,5,6,6,5
3388,6,3,5,6,5,6
3389,4,6,6,5,4,9
3390,3,6,5,8,6,2
3391,8,6,4,2,5,6
3392,7,7,5,9,8,4
3393,7,8,6,6,6,4
3394,8,5,9,7,7,6
3395,4,7,7,7,8,4
3396,5,5,6,4,10,9
3397,5,10,8,5,7,4
3398,6,10,5,7,6,9
3399,9,3,6,4,7,7
3400,9,8,9,5,3,1
3401,6,7,6,5,5,3
3402,9,4,5,7,6,9
3403,4,9,7,9,5,7
3404,3,5,4,7,4,9
3405,8,2,4,7,8,7
3406,4,7,4,7,7,8
3407,4,4,7,7,7,9
3408,8,5,5,8,7,6
3409,10,6,7,5,6,6
3410,8,8,6,7,6,4
3411,4,5,8,7,6,3
3412,7,7,3,5,6,5
3413,5,4,9,7,7,3
3414,6,7,2,8,8,7
3415,6,9,10,5,2,6
3416,10,4,8,6,7,3
3417,6,4,8,4,3,5
3418,5,7,7,5,10,4
3419,7,3,6,7,7,3
3420,6,7,4,8,8,7
3421,7,4,5,7,2,9
3422,5,4,5,7,7,8
3423,8,7,9,7,5,4
3424,7,7,4,6,9,10
3425,4,5,9,4,9,4
3426,7,5,6,6,7,8
3427,4,4,5,5,4,3
3428,5,5,4,10,7,9
3429,9,5,6,10,4,6
3430,4,7,4,7,6,8
3431,6,6,5,7,5,5
3432,8,8,7,4,6,4
3433,1,6,7,5,6,3
3434,4,7,6,4,7,7
3435,4,9,4,7,9,3
3436,8,8,5,9,7,6
3437,2,2,8,7,5,6
3438,6,3,6,8,6,8
3439,10,5,5,6,7,10
3440,5,5,5,7,5,6
3441,6,4,2,6,10,5
3442,5,4,5,6,8,9
3443,6,4,9,7,6,6
3444,10,6,8,5,3,4
3445,8,4,8,5,6,7
3446,8,8,4,7,5,3
3447,8,7,4,7,5,10
3448,5,9,6,7,6,8
3449,5,10,2,5,6,5
3450,9,7,5,6,2,6
3451,5,7,2,5,7,7
3452,7,3,5,7,10,8
3453,8,5,8,9,7,7
3454,4,7,5,7,3,6
3455,4,7,10,7,7,6
3456,5,4,6,8,8,6
3457,4,7,5,6,9,5
3458,4,6,3,9,8,7
3459,9,8,9,8,4,7
3460,7,8,3,8,7,5
3461,4,7,5,7,6,8
3462,9,7,7,9,7,10
3463,5,5,5,7,7,2
3464,8,6,10,6,6,9
3465,6,6,5,5,4,9
3466,5,7,2,7,5,6
3467,6,8,4,9,7,4
3468,4,6,3,8,10,4
3469,5,6,8,5,3,5
3470,8,4,5,7,6,7
3471,5,5,7,9,6,10
3472,10,8,5,6,8,4
3473,6,5,5,10,5,2
3474,8,9,6,5,5,6
3475,5,5,5,10,7,6
3476,5,7,6,6,6,4
3477,5,5,7,6,4,6
3478,6,6,4,6,6,7
3479,5,9,6,5,5,5
3480,6,6,8,6,10,9
3481,10,5,3,5,4,6
3482,10,8,3,8,6,5
3483,6,5,7,5,6,5
3484,7,5,5,6,6,8
3485,8,6,6,7,6,6
3486,6,6,3,10,4,5
3487,3,7,7,6,4,8
3488,8,2,9,8,7,8
3489,8,7,6,6,10,5
3490,7,8,5,9,8,4
3491,8,9,8,9,6,1
3492,9,9,6,6,5,9
3493,4,7,5,5,9,4
3494,7,6,3,7,3,4
3495,5,5,6,8,6,7
3496,7,7,2,7,7,10
3497,7,6,8,7,7,9
3498,7,7,8,6,8,4
3499,5,6,9,8,5,10
3500,6,8,5,7,9,7
3501,8,8,6,4,7,4
3502,8,5,7,9,6,5
3503,6,6,7,6,4,8
3504,7,4,6,5,6,4
3505,7,7,8,5,5,6
3506,7,9,8,8,8,6
3507,7,3,7,6,5,6
3508,3,5,7,8,10,4
3509,7,6,5,7,9,5
3510,5,5,8,8,6,7
3511,5,4,10,4,9,6
3512,6,6,10,7,4,9
3513,8,9,5,4,5,8
3514,6,8,5,5,5,4
3515,1,8,5,5,4,8
3516,6,9,3,6,5,6
3517,6,5,5,5,7,3
3518,5,7,6,4,7,5
3519,3,5,4,8,9,8
3520,7,7,10,7,7,3
3521,8,8,8,6,5,3
3522,8,3,2,9,3,5
3523,5,6,7,9,6,5
3524,6,7,6,6,3,9
3525,7,6,5,8,5,10
3526,5,5,9,8,2,7
3527,6,6,5,5,5,5
3528,5,8,5,5,5,7
3529,8,7,2,6,5,5
3530,6,6,7,7,4,5
3531,3,6,1,6,2,8
3532,5,4,4,5,9,5
3533,7,5,7,4,6,8
3534,6,5,8,8,7,7
3535,6,6,5,7,6,6
3536,8,5,3,6,8,7
3537,7,8,3,8,4,9
3538,7,5,8,7,2,8
3539,8,6,3,4,6,6
3540,3,3,6,7,8,7
3541,8,4,8,6,8,4
3542,7,4,8,6,4,7
3543,7,6,8,5,9,7
3544,4,5,8,4,3,6
3545,6,8,5,6,7,9
3546,4,6,6,8,6,3
3547,7,6,6,5,6,5
3548,5,6,6,5,6,6
3549,3,4,6,9,7,6
3550,7,5,2,6,10,9
3551,6,7,10,4,4,8
3552,4,6,5,6,6,7
3553,8,7,9,6,7,7
3554,6,2,5,6,5,4
3555,6,5,7,9,5,5
3556,6,5,3,9,7,6
3557,7,6,4,6,2,5
3558,6,2,8,7,5,3
3559,6,5,7,8,5,7
3560,9,6,6,8,6,6
3561,5,7,6,5,6,5
3562,8,3,10,6,7,4
3563,2,8,5,6,5,7
3564,5,7,4,5,5,7
3565,3,4,6,9,6,3
3566,7,6,7,3,10,4
3567,7,3,7,4,7,5
3568,5,5,7,8,6,6
3569,8,3,4,6,2,7
3570,7,8,7,7,8,8
3571,3,5,4,6,4,4
3572,7,8,3,3,9,9
3573,5,6,6,5,6,6
3574,5,5,10,5,7,4
3575,8,3,8,5,8,9
3576,3,5,4,5,4,4
3577,10,6,6,5,7,9
3578,6,7,8,6,6,6
3579,5,2,10,6,6,4
3580,3,3,8,7,7,6
3581,4,9,7,8,8,8
3582,7,6,7,8,6,5
3583,6,7,3,6,2,9
3584,7,3,7,8,5,7
3585,7,5,1,4,4,9
3586,7,6,3,7,4,6
3587,5,5,8,7,8,9
3588,6,7,6,10,1,8
3589,5,4,4,7,8,6
3590,8,4,7,9,4,7
3591,5,5,7,7,7,6
3592,10,9,6,6,10,3
3593,7,6,10,8,4,7
3594,10,5,2,7,6,5
3595,7,7,7,6,10,6
3596,1,3,5,5,5,8
3597,7,4,7,4,2,8
3598,3,8,7,5,6,6
3599,8,7,10,8,3,4
3600,6,6,4,7,6,3
3601,8,5,9,6,5,3
3602,5,5,7,6,6,6
3603,5,7,6,5,6,3
3604,9,4,6,9,6,4
3605,5,6,7,8,2,3
3606,5,5,6,7,8,7
3607,3,7,5,5,10,7
3608,5,3,3,4,3,9
3609,7,6,2,5,4,8
3610,7,9,8,8,7,8
3611,10,7,7,8,8,5
3612,4,8,7,5,5,6
3613,5,8,3,8,4,5
3614,8,4,8,8,4,8
3615,8,5,6,5,6,4
3616,5,7,6,6,5,2
3617,5,5,4,6,7,5
3618,2,3,5,7,2,8
3619,7,5,8,5,6,5
3620,4,4,3,6,6,2
3621,6,4,7,7,7,10
3622,7,4,8,5,4,8
3623,7,5,3,6,3,8
3624,3,7,8,9,4,6
3625,5,5,7,6,6,7
3626,5,7,5,8,6,7
3627,3,5,9,8,8,3
3628,5,9,8,8,5,6
3629,9,10,4,9,6,8
3630,4,3,5,8,6,7
3631,8,3,5,7,6,7
3632,7,5,8,3,5,3
3633,7,5,3,6,9,6
3634,5,7,6,6,7,6
3635,5,3,5,7,6,8
3636,3,5,10,5,2,3
3637,5,6,3,8,5,9
3638,6,10,8,5,7,6
3639,6,5,6,6,7,3
3640,3,4,8,7,4,5
3641,7,8,3,5,6,6
3642,6,4,9,6,4,8
3643,4,6,9,4,7,4
3644,5,7,3,7,2,3
3645,5,5,10,5,6,7
3646,6,5,7,7,7,7
3647,3,7,5,5,5,3
3648,4,4,6,6,7,6
3649,4,5,6,6,4,6
3650,6,3,7,6,8,4
3651,4,6,6,8,6,4
3652,8,7,7,6,7,8
3653,4,8,7,9,8,7
3654,8,5,5,7,9,3
3655,9,8,6,8,6,8
3656,4,5,7,7,6,6
3657,8,10,3,3,8,3
3658,6,4,7,7,6,6
3659,5,8,8,6,3,6
3660,4,4,6,5,8,5
3661,7,6,3,7,5,4
3662,7,8,4,7,2,8
3663,4,4,5,7,10,10
3664,6,6,6,6,4,4
3665,8,4,6,6,4,6
3666,7,5,5,6,5,5
3667,7,9,7,8,4,5
3668,9,3,7,6,9,5
3669,7,7,7,5,10,8
3670,3,8,8,9,5,4
3671,5,10,7,7,5,6
3672,5,7,8,8,5,8
3673,7,4,7,7,10,5
3674,6,9,5,7,8,4
3675,2,7,10,5,9,3
3676,9,9,4,9,1,6
3677,9,10,9,6,9,5
3678,5,6,9,6,10,4
3679,7,6,7,8,5,8
3680,7,8,8,8,7,6
3681,10,6,5,7,6,7
3682,4,7,8,6,2,5
3683,7,3,6,6,7,4
3684,4,6,7,9,6,8
3685,8,5,3,7,8,3
3686,5,6,5,5,4,6
3687,8,6,6,5,1,6
3688,9,5,4,4,2,5
3689,6,9,5,7,7,7
3690,5,9,10,7,5,1
3691,8,7,6,6,3,6
3692,2,7,6,6,8,8
3693,5,4,3,7,7,8
3694,5,4,8,5,6,8
3695,4,7,6,6,3,7
3696,6,10,8,8,4,7
3697,3,7,9,5,5,6
3698,6,5,8,6,7,7
3699,8,7,5,5,9,6
3700,9,5,4,5,8,9
3701,7,5,5,10,10,4
3702,5,7,8,8,6,8
3703,5,4,6,9,6,5
3704,7,2,6,5,5,4
3705,7,9,6,5,8,9
3706,7,7,4,4,8,6
3707,4,9,4,4,8,1
3708,10,3,8,8,3,6
3709,4,7,4,10,5,10
3710,6,7,5,8,9,5
3711,5,7,4,7,2,4
3712,7,5,5,7,3,4
3713,7,3,5,6,7,5
3714,6,6,8,6,7,9
3715,8,3,6,8,5,5
3716,5,8,5,2,6,9
3717,9,4,8,7,1,3
3718,10,4,6,7,2,7
3719,6,5,6,5,6,7
3720,6,5,3,5,5,6
3721,3,6,4,6,10,7
3722,10,6,7,6,5,7
3723,6,4,8,8,3,7
3724,8,7,7,7,6,5
3725,5,5,3,7,7,5
3726,7,6,8,6,6,7
3727,9,7,1,5,8,8
3728,5,4,7,7,6,9
3729,6,5,6,7,5,4
3730,8,6,5,6,4,5
3731,5,5,6,6,7,8
3732,2,8,8,6,7,3
3733,3,7,8,7,9,4
3734,5,7,3,6,7,7
3735,4,5,6,5,2,7
3736,5,6,5,8,2,5
3737,5,8,5,8,6,6
3738,9,6,4,6,10,5
3739,5,9,7,8,3,8
3740,8,5,9,5,9,8
3741,8,6,9,4,5,6
3742,9,7,9,7,5,4
3743,3,2,6,7,7,5
3744,1,5,8,7,8,6
3745,4,6,8,4,6,7
3746,6,6,7,8,5,6
3747,6,9,5,7,6,7
3748,5,3,8,8,4,6
3749,3,8,7,5,5,4
3750,3,8,7,5,6,6
3751,5,10,8,7,7,9
3752,7,7,5,7,7,8
3753,8,8,6,7,8,7
3754,7,1,4,7,9,5
3755,8,7,7,10,7,8
3756,9,8,7,6,7,5
3757,6,2,4,7,5,4
3758,7,6,9,9,4,6
3759,4,6,7,8,5,6
3760,4,4,4,4,4,7
3761,6,5,4,9,5,4
3762,8,3,4,6,8,10
3763,4,10,7,8,4,6
3764,5,6,5,8,10,9
3765,8,4,6,6,8,5
3766,4,2,6,7,9,4
3767,6,6,5,5,7,6
3768,2,9,3,8,5,6
3769,8,2,5,7,6,3
3770,4,4,9,5,8,6
3771,3,5,7,6,6,9
3772,5,6,3,9,4,8
3773,6,8,8,7,8,7
3774,6,5,5,7,4,9
3775,6,7,8,8,3,8
3776,7,8,5,7,6,10
3777,5,7,8,6,7,4
3778,8,7,5,7,5,7
3779,7,8,7,7,8,5
3780,7,4,4,6,7,7
3781,6,6,7,8,6,6
3782,5,5,3,6,4,3
3783,4,8,6,3,8,5
3784,2,6,3,7,7,6
3785,6,4,3,8,2,5
3786,6,4,8,6,4,4
3787,9,8,9,7,7,7
3788,6,8,6,6,7,1
3789,5,5,9,6,4,7
3790,1,8,10,5,6,4
3791,3,7,8,8,5,7
3792,5,5,9,6,6,7
3793,7,7,9,5,6,7
3794,10,6,8,4,7,7
3795,5,8,7,8,5,8
3796,6,10,9,6,6,4
3797,6,7,2,6,6,1
3798,6,2,6,7,5,4
3799,10,6,10,7,3,5
3800,4,6,6,7,4,8
3801,5,3,10,6,8,10
3802,6,4,5,8,2,4
3803,6,8,3,8,8,9
3804,7,2,6,6,6,10
3805,7,5,4,5,6,5
3806,7,3,3,5,9,8
3807,8,8,8,7,5,8
3808,2,10,3,7,7,4
3809,6,5,4,5,6,6
3810,6,5,7,9,9,8
3811,6,5,7,7,5,9
3812,8,6,3,5,9,8
3813,4,5,4,7,8,7
3814,10,10,7,9,7,9
3815,4,6,5,9,10,7
3816,5,9,9,6,6,4
3817,5,6,8,7,7,8
3818,6,6,5,7,5,4
3819,7,3,6,8,3,8
3820,8,7,7,5,6,7
3821,4,9,4,6,6,6
3822,7,9,10,5,7,6
3823,7,8,7,5,6,4
3824,8,6,4,7,8,5
3825,8,8,8,7,6,7
3826,4,9,6,7,7,3
3827,7,9,6,6,4,6
3828,8,4,4,8,9,8
3829,5,5,2,7,8,5
3830,6,8,5,6,7,7
3831,8,8,5,7,5,7
3832,6,7,10,5,3,8
3833,5,7,2,7,3,5
3834,4,6,5,4,6,4
3835,6,6,6,8,5,8
3836,7,7,4,7,5,4
3837,7,6,3,4,4,4
3838,5,6,7,6,6,7
3839,9,6,7,7,7,4
3840,6,6,2,5,4,2
3841,2,4,3,5,9,2
3842,3,7,9,8,6,7
3843,9,7,10,4,3,8
3844,6,6,2,6,4,7
3845,4,7,7,8,2,8
3846,4,5,8,6,5,2
3847,8,6,5,7,2,3
3848,7,8,7,8,10,7
3849,4,6,4,5,6,9
3850,7,9,6,5,6,6
3851,3,5,5,5,7,5
3852,2,6,1,5,7,8
3853,6,4,5,4,5,9
3854,7,8,5,4,9,5
3855,8,5,10,8,6,8
3856,5,3,5,7,4,8
3857,6,6,9,6,7,10
3858,6,6,9,5,4,7
3859,6,6,5,8,8,8
3860,2,10,7,8,3,3
3861,8,7,6,9,5,8
3862,4,7,7,6,7,7
3863,8,2,6,7,8,5
3864,7,5,9,5,6,6
3865,5,5,7,2,5,4
3866,6,7,8,7,9,8
3867,1,5,7,7,6,6
3868,8,9,4,7,10,6
3869,5,8,4,7,3,3
3870,6,7,9,8,10,9
3871,5,1,9,8,7,5
3872,7,1,8,8,6,8
3873,7,5,7,7,5,5
3874,4,6,4,8,2,4
3875,3,5,5,7,6,4
3876,5,7,9,7,3,5
3877,3,6,5,8,8,7
3878,8,3,5,10,8,7
3879,4,5,6,5,9,4
3880,6,6,4,8,1,4
3881,8,6,6,7,9,9
3882,8,6,5,5,4,4
3883,8,6,6,9,4,5
3884,2,9,6,3,5,6
3885,6,6,3,6,7,8
3886,5,6,6,5,5,6
3887,6,3,10,6,5,5
3888,10,6,6,3,7,8
3889,7,7,10,7,5,6
3890,4,3,6,10,7,8
3891,8,5,6,9,6,6
3892,6,6,5,8,6,6
3893,5,7,7,7,6,9
3894,7,4,8,7,6,6
3895,8,10,5,6,7,6
3896,5,10,5,5,3,5
3897,6,9,6,5,8,3
3898,6,6,7,9,10,4
3899,5,3,4,5,10,10
3900,2,5,6,5,4,7
3901,6,4,7,7,7,5
3902,9,3,7,2,8,6
3903,7,5,6,7,6,7
3904,2,7,4,5,6,9
3905,4,5,7,10,6,7
3906,9,4,5,9,6,5
3907,8,4,9,7,4,7
3908,7,9,5,6,7,5
3909,5,4,6,5,5,6
3910,2,7,8,6,6,6
3911,4,6,9,5,8,4
3912,4,4,7,8,4,6
3913,5,7,9,9,3,8
3914,6,5,5,9,2,4
3915,5,5,6,5,7,5
3916,4,2,5,9,7,8
3917,7,5,7,9,5,7
3918,7,3,9,7,5,4
3919,4,6,5,7,5,6
3920,7,7,3,2,7,6
3921,5,5,5,7,9,9
3922,5,6,5,6,6,7
3923,5,4,5,6,3,6
3924,5,5,4,8,8,10
3925,8,5,1,6,5,10
3926,7,6,9,6,7,4
3927,7,3,3,4,5,4
3928,6,2,5,9,6,5
3929,4,7,4,7,9,6
3930,8,9,7,7,8,4
3931,8,6,8,4,6,2
3932,7,8,6,9,6,8
3933,7,5,5,6,8,9
3934,7,8,6,5,5,6
3935,3,9,7,9,2,9
3936,5,6,3,5,7,4
3937,6,4,6,7,9,4
3938,8,6,6,4,10,5
3939,6,9,10,8,8,3
3940,5,5,5,9,5,5
3941,8,5,3,8,7,9
3942,9,9,5,5,5,9
3943,5,6,9,6,6,3
3944,6,6,5,8,4,7
3945,5,10,3,7,6,9
3946,9,6,4,5,9,9
3947,1,7,7,7,8,8
3948,7,7,7,5,7,4
3949,6,7,7,7,2,5
3950,8,10,4,8,5,5
3951,6,10,7,8,7,9
3952,6,8,4,8,5,8
3953,9,10,9,6,9,7
3954,5,6,7,8,6,8
3955,4,7,9,6,6,4
3956,7,4,7,3,7,10
3957,8,5,6,8,8,5
3958,6,4,7,7,5,4
3959,7,6,6,9,5,5
3960,5,5,5,7,10,6
3961,3,6,4,5,8,6
3962,7,2,7,8,6,4
3963,7,9,4,7,10,3
3964,8,6,6,5,7,4
3965,9,9,7,8,7,8
3966,9,5,7,8,3,7
3967,5,5,6,6,7,2
3968,6,7,6,6,2,8
3969,6,2,7,8,5,6
3970,8,3,7,7,9,6
3971,4,8,8,7,5,7
3972,6,8,6,6,4,5
3973,3,5,6,6,10,6
3974,6,9,5,9,7,5
3975,3,6,9,7,10,7
3976,3,7,3,4,10,9
3977,8,9,5,6,8,5
3978,7,7,5,7,9,5
3979,6,4,7,5,5,7
3980,10,7,6,5,5,7
3981,5,4,4,5,5,5
3982,3,7,7,7,6,10
3983,5,4,10,5,5,3
3984,8,5,4,8,7,7
3985,5,9,4,3,6,7
3986,8,7,7,6,5,7
3987,6,9,5,9,7,4
3988,6,8,6,7,5,2
3989,6,8,7,7,4,9
3990,8,5,5,7,8,4
3991,10,7,9,3,2,5
3992,5,5,7,4,8,6
3993,6,7,7,9,4,6
3994,6,6,6,4,6,7
3995,6,7,7,5,8,7
3996,7,5,7,4,7,7
3997,3,7,5,8,8,9
3998,2,6,4,8,8,5
3999,5,4,7,5,6,5
4000,6,7,5,4,6,6
4001,10,3,5,4,5,8
4002,7,6,7,7,3,5
4003,4,5,5,6,9,3
4004,8,8,6,6,9,6
4005,4,7,2,7,7,8
4006,7,7,8,8,6,8
4007,5,8,7,7,5,2
4008,8,6,4,6,4,1
4009,4,6,5,6,5,5
4010,6,10,6,7,5,3
4011,4,7,5,7,6,8
4012,7,5,9,7,4,6
4013,8,6,9,7,6,6
4014,6,6,7,7,3,6
4015,2,6,7,5,4,6
4016,4,8,5,5,5,4
4017,5,2,6,5,8,4
4018,8,5,3,5,7,8
4019,5,8,9,6,5,9
4020,7,9,7,6,6,4
4021,2,7,9,7,10,5
4022,2,3,7,5,6,8
4023,6,7,6,6,8,7
4024,4,4,6,8,5,5
4025,6,7,8,4,8,5
4026,8,3,7,7,6,8
4027,3,2,5,4,5,7
4028,6,10,5,4,4,4
4029,5,7,7,8,9,4
4030,6,8,5,6,7,9
4031,3,7,6,6,5,6
4032,6,10,8,7,4,4
4033,5,4,5,2,7,7
4034,5,6,8,5,3,5
4035,5,8,1,7,6,9
4036,1,6,7,7,7,5
4037,5,10,6,6,4,4
4038,4,5,7,7,5,6
4039,5,7,5,3,5,9
4040,6,8,5,6,2,5
4041,7,5,9,9,6,10
4042,8,3,7,5,7,3
4043,4,7,10,5,8,8
4044,5,6,6,6,7,7
4045,9,10,4,7,5,9
4046,5,7,1,7,8,5
4047,7,6,4,6,1,8
4048,7,5,7,6,9,7
4049,7,6,8,8,5,5
4050,6,5,4,9,7,3
4051,6,7,7,7,4,5
4052,9,5,7,8,9,6
4053,7,7,7,6,8,4
4054,8,5,5,8,7,7
4055,9,10,10,9,8,5
4056,6,5,7,7,5,8
4057,5,5,6,7,8,5
4058,6,8,7,7,2,3
4059,4,4,7,6,8,3
4060,8,6,5,9,6,4
4061,6,6,9,4,7,4
4062,6,6,5,6,5,4
4063,5,10,8,7,8,6
4064,3,7,5,4,7,7
4065,4,5,6,9,5,4
4066,4,7,9,6,7,7
4067,6,9,8,6,4,10
4068,6,9,7,7,3,9
4069,4,4,8,6,8,3
4070,10,4,6,6,4,9
4071,4,5,9,7,10,6
4072,6,8,5,7,4,6
4073,5,6,5,5,10,1
4074,5,8,9,6,7,7
4075,6,3,6,7,6,7
4076,4,6,4,5,5,5
4077,10,8,6,5,7,6
4078,5,8,7,8,7,6
4079,5,6,7,4,5,9
4080,6,6,2,6,4,5
4081,4,5,8,3,10,3
4082,7,6,6,7,8,4
4083,5,8,5,4,7,8
4084,6,6,6,7,5,4
4085,6,4,5,9,2,4
4086,7,8,5,7,4,3
4087,4,7,6,10,8,8
4088,8,8,5,8,8,6
4089,9,5,5,2,7,8
4090,8,3,4,10,6,6
4091,5,2,9,6,3,4
4092,7,6,7,4,10,5
4093,4,5,6,3,8,9
4094,2,7,4,5,4,3
4095,2,9,3,5,1,10
4096,4,6,8,8,3,8
4097,6,5,8,9,9,9
4098,4,7,6,6,7,5
4099,3,4,8,7,7,4
4100,5,6,6,5,1,5
4101,8,7,6,7,8,7
4102,7,4,5,8,3,6
4103,4,4,7,7,4,5
4104,6,9,9,3,7,6
4105,5,4,7,8,5,5
4106,7,8,4,6,8,8
4107,10,6,8,6,5,6
4108,6,10,6,8,7,5
4109,5,6,3,6,5,8
4110,5,5,3,6,6,7
4111,2,4,6,6,7,8
4112,10,8,8,7,7,5
4113,6,8,6,3,8,6
4114,8,4,7,6,6,1
4115,6,6,4,8,5,4
4116,7,10,4,8,6,7
4117,3,9,10,3,3,7
4118,2,5,7,6,7,9
4119,3,6,6,7,7,6
4120,4,4,7,7,7,2
4121,7,6,6,5,1,9
4122,7,8,5,7,5,6
4123,3,7,10,7,5,3
4124,8,6,7,8,2,8
4125,7,8,3,9,9,6
4126,8,6,10,7,6,7
4127,6,7,3,9,6,5
4128,7,6,6,8,4,7
4129,5,5,10,9,10,5
4130,5,4,4,5,6,7
4131,6,5,7,7,1,7
4132,8,7,9,6,5,6
4133,8,7,8,6,9,3
4134,8,6,8,8,6,9
4135,4,6,8,7,7,6
4136,3,5,1,7,4,5
4137,6,5,7,9,7,6
4138,7,4,6,7,7,6
4139,4,10,8,5,2,6
4140,9,3,7,7,8,6
4141,6,5,10,9,6,7
4142,6,7,6,9,7,5
4143,10,5,4,7,6,1
4144,10,6,6,6,5,6
4145,7,6,8,5,1,7
4146,6,4,5,7,7,3
4147,7,7,3,6,6,6
4148,7,6,7,5,6,3
4149,6,6,8,5,8,6
4150,6,7,4,3,6,7
4151,8,5,5,5,7,6
4152,4,7,5,3,5,9
4153,6,8,7,6,6,8
4154,8,8,5,4,2,7
4155,7,7,8,7,9,8
4156,8,1,7,8,2,6
4157,4,3,9,5,5,5
4158,8,8,6,9,5,9
4159,8,9,9,7,8,3
4160,9,1,6,5,5,6
4161,10,4,3,6,3,7
4162,6,4,6,4,7,4
4163,6,7,4,5,5,6
4164,7,4,8,8,6,8
4165,6,10,10,3,2,10
4166,5,6,4,8,4,5
4167,5,7,7,5,7,7
4168,4,10,8,5,5,7
4169,5,6,4,5,3,3
4170,8,3,7,10,6,6
4171,9,6,4,8,1,3
4172,10,8,5,7,4,6
4173,4,6,6,8,6,1
4174,8,3,7,6,9,4
4175,10,3,9,6,10,5
4176,2,6,5,5,7,6
4177,5,4,6,8,6,8
4178,7,4,5,7,8,7
4179,5,4,5,7,2,6
4180,3,5,4,8,6,5
4181,4,6,4,8,5,5
4182,5,4,2,6,4,7
4183,6,8,3,8,7,5
4184,7,5,1,6,6,6
4185,6,4,6,6,6,8
4186,7,6,3,7,8,6
4187,9,5,6,8,2,6
4188,8,8,5,9,8,5
4189,2,5,6,4,3,4
4190,6,7,5,7,5,7
4191,6,6,5,5,3,5
4192,5,7,2,5,7,6
4193,2,10,9,8,5,3
4194,4,7,7,7,8,3
4195,5,2,5,6,7,5
4196,9,3,8,9,7,7
4197,7,4,5,7,7,5
4198,9,6,7,8,5,9
4199,6,5,5,8,5,6
4200,7,7,7,8,5,5
4201,2,6,6,8,5,8
4202,9,6,7,7,7,5
4203,5,5,5,4,5,5
4204,5,4,6,7,4,10
4205,5,6,7,8,7,7
4206,7,8,10,6,6,9
4207,6,5,5,4,7,3
4208,5,5,5,7,6,8
4209,7,9,1,9,7,10
4210,8,7,5,8,6,10
4211,10,6,5,4,3,4
4212,3,8,7,6,4,6
4213,8,3,6,7,10,6
4214,7,6,10,9,4,5
4215,6,4,7,7,6,7
4216,4,7,2,9,10,7
4217,6,5,8,7,5,7
4218,6,8,6,6,3,7
4219,8,7,8,8,9,7
4220,7,6,7,5,4,3
4221,9,3,5,5,10,7
4222,8,3,10,7,4,5
4223,10,5,10,9,7,4
4224,1,8,5,4,3,9
4225,6,7,4,7,7,10
4226,1,9,9,5,7,8
4227,5,6,4,6,3,7
4228,3,4,3,7,5,8
4229,3,4,6,8,1,2
4230,2,4,6,10,7,7
4231,4,5,7,7,3,6
4232,4,6,6,5,6,7
4233,4,5,8,6,8,9
4234,9,6,8,7,10,3
4235,4,8,9,5,8,4
4236,7,4,4,5,8,7
4237,10,5,5,5,7,8
4238,5,9,7,7,7,8
4239,6,6,7,5,7,7
4240,7,4,6,9,7,3
4241,7,5,6,6,4,4
4242,5,6,5,5,8,7
4243,6,7,4,6,7,6
4244,9,3,1,6,8,6
4245,10,8,4,9,6,5
4246,7,4,4,6,6,7
4247,2,9,9,7,10,4
4248,4,6,3,6,4,6
4249,6,10,6,5,9,6
4250,7,5,3,9,6,4
4251,1,3,6,7,7,7
4252,6,5,7,7,9,5
4253,5,8,3,5,3,3
4254,2,10,2,4,7,8
4255,6,6,4,5,6,5
4256,5,6,6,7,7,5
4257,6,8,6,7,4,4
4258,5,6,8,7,9,8
4259,6,7,8,5,1,5
4260,9,9,5,8,9,7
4261,2,5,6,6,5,5
4262,9,5,5,8,8,6
4263,5,6,10,9,2,2
4264,7,2,7,5,6,5
4265,4,3,10,6,6,5
4266,6,6,7,9,9,6
4267,8,4,3,8,8,5
4268,6,3,5,8,6,5
4269,5,3,8,7,7,9
4270,7,4,5,9,6,4
4271,6,7,4,6,5,9
4272,9,6,5,4,5,5
4273,5,9,7,8,8,5
4274,4,4,7,7,4,5
4275,6,5,3,10,7,8
4276,6,10,7,5,7,6
4277,5,8,3,6,3,5
4278,2,1,9,5,4,5
4279,6,6,4,5,5,5
4280,5,4,7,7,8,8
4281,7,8,3,7,7,6
4282,8,8,5,4,8,10
4283,8,5,5,6,10,5
4284,5,6,8,9,7,10
4285,7,4,7,8,7,7
4286,6,5,5,6,6,10
4287,7,6,5,7,5,5
4288,2,7,7,6,7,2
4289,4,4,5,8,5,8
4290,5,5,4,9,5,9
4291,8,4,2,6,5,4
4292,5,7,4,7,8,7
4293,5,6,3,6,5,4
4294,7,10,6,5,6,8
4295,4,7,6,7,5,6
4296,3,7,3,8,8,7
4297,5,1,7,8,7,8
4298,5,7,4,7,4,6
4299,7,5,10,4,7,9
4300,1,9,6,8,6,7
4301,4,6,5,8,6,3
4302,7,8,10,7,6,6
4303,8,5,6,7,4,6
4304,4,5,6,4,3,10
4305,7,4,5,6,9,5
4306,7,9,10,7,9,9
4307,5,7,6,7,5,6
4308,8,7,4,7,7,8
4309,4,2,4,6,8,4
4310,5,3,4,10,7,9
4311,5,7,6,7,7,2
4312,9,7,9,2,3,8
4313,7,5,6,6,7,4
4314,4,5,10,6,6,7
4315,3,5,7,8,2,8
4316,5,8,7,7,5,6
4317,6,7,6,8,4,7
4318,6,3,7,8,6,6
4319,6,7,6,5,6,8
4320,5,9,8,8,10,4
4321,4,6,8,9,9,4
4322,2,5,3,7,6,7
4323,6,8,8,5,8,5
4324,9,8,10,9,8,7
4325,4,8,4,9,9,7
4326,5,3,4,8,8,3
4327,5,5,5,7,6,10
4328,6,7,10,5,7,4
4329,1,5,5,4,9,5
4330,3,3,5,6,7,8
4331,6,6,6,7,5,6
4332,9,6,2,6,6,4
4333,10,8,9,9,7,8
4334,8,5,6,9,5,10
4335,6,6,5,3,7,4
4336,2,8,3,3,7,5
4337,6,3,5,7,2,6
4338,7,7,7,7,7,3
4339,5,4,6,8,9,8
4340,7,7,9,6,4,2
4341,4,4,8,4,6,8
4342,2,7,8,8,7,7
4343,7,4,6,8,5,7
4344,5,6,7,7,6,4
4345,6,8,6,10,10,5
4346,9,7,4,7,9,5
4347,3,6,6,9,9,7
4348,3,2,1,7,4,7
4349,2,7,10,8,7,4
4350,7,5,8,9,9,7
4351,6,4,6,7,5,9
4352,5,6,9,6,7,6
4353,3,4,4,8,7,5
4354,6,9,6,5,5,5
4355,4,10,7,7,5,3
4356,3,4,6,7,7,6
4357,6,7,5,8,5,6
4358,6,4,7,8,4,6
4359,6,4,4,6,6,5
4360,4,6,7,7,5,6
4361,4,2,10,5,9,10
4362,2,9,8,6,6,4
4363,7,4,4,6,6,7
4364,7,5,6,3,8,4
4365,8,6,3,5,8,10
4366,6,5,8,5,7,6
4367,3,6,9,8,9,6
4368,6,10,1,8,6,10
4369,5,5,8,7,9,5
4370,5,3,4,10,8,7
4371,4,10,4,7,5,7
4372,8,10,7,7,5,7
4373,8,7,7,7,7,3
4374,7,5,3,6,5,10
4375,3,5,4,6,5,8
4376,4,5,5,8,5,7
4377,9,7,5,4,6,5
4378,7,6,9,4,2,7
4379,7,7,3,7,5,10
4380,7,4,6,4,7,9
4381,5,3,8,6,3,7
4382,7,6,7,7,6,7
4383,5,9,3,5,7,5
4384,6,4,3,7,3,4
4385,2,9,5,5,8,8
4386,5,4,4,5,7,6
4387,8,8,7,8,9,10
4388,6,4,5,5,3,9
4389,7,7,4,7,3,7
4390,7,8,8,7,4,7
4391,8,7,5,6,5,6
4392,6,7,8,7,8,6
4393,5,4,7,6,6,1
4394,5,2,7,7,9,4
4395,5,6,10,7,6,6
4396,8,8,9,5,8,2
4397,5,7,3,4,8,6
4398,7,5,5,6,2,5
4399,7,9,7,8,8,6
4400,5,5,8,5,7,4
4401,7,7,5,8,5,9
4402,5,8,7,5,9,10
4403,6,8,2,6,6,7
4404,8,4,6,7,7,10
4405,3,5,9,6,7,5
4406,8,5,7,9,4,4
4407,5,7,4,7,5,7
4408,6,2,7,5,6,10
4409,7,3,5,5,6,7
4410,6,5,10,4,3,7
4411,4,7,6,5,5,10
4412,4,8,5,8,4,5
4413,9,7,7,4,4,5
4414,10,3,9,9,5,9
4415,5,8,5,6,5,6
4416,8,4,6,7,5,5
4417,6,3,7,5,4,7
4418,5,4,7,7,6,7
4419,9,4,7,5,5,6
4420,7,3,3,6,3,4
4421,6,5,6,7,3,7
4422,6,7,3,9,8,4
4423,7,5,10,6,8,7
4424,4,7,6,6,6,6
4425,5,10,2,6,5,7
4426,6,5,5,3,7,6
4427,4,3,9,6,4,4
4428,6,3,7,5,2,4
4429,4,9,10,5,6,6
4430,7,10,10,7,7,6
4431,8,1,3,9,4,8
4432,10,3,5,9,7,4
4433,7,6,4,7,4,8
4434,9,9,4,6,8,6
4435,7,1,5,7,7,6
4436,7,8,4,6,6,6
4437,2,5,6,6,5,4
4438,3,7,4,8,8,2
4439,2,6,5,7,5,3
4440,9,7,4,4,3,6
4441,5,5,7,5,4,4
4442,5,4,10,7,5,5
4443,5,7,9,6,4,6
4444,5,7,4,5,5,7
4445,4,5,6,8,5,8
4446,6,10,7,9,8,8
4447,3,6,5,6,8,10
4448,6,6,6,8,10,8
4449,6,6,5,5,5,5
4450,7,3,4,5,9,7
4451,7,3,8,7,6,9
4452,2,5,10,3,6,7
4453,5,4,2,5,4,4
4454,5,5,7,8,5,2
4455,8,4,5,9,7,3
4456,4,5,7,7,5,4
4457,8,4,6,5,4,9
4458,1,7,4,9,8,7
4459,5,8,1,5,7,7
4460,3,7,4,7,6,5
4461,4,5,8,6,7,9
4462,8,6,9,6,6,8
4463,9,6,7,5,7,6
4464,7,8,6,7,4,6
4465,5,4,4,10,6,7
4466,10,5,7,5,6,4
4467,6,6,7,2,7,4
4468,6,3,4,6,4,3
4469,4,9,6,6,4,6
4470,7,8,5,8,4,2
4471,4,9,6,7,7,6
4472,4,4,7,6,8,6
4473,8,10,7,7,8,5
4474,8,7,7,6,3,6
4475,8,8,4,4,8,7
4476,9,6,5,9,4,4
4477,8,7,6,7,4,5
4478,4,6,5,6,5,6
4479,6,8,7,8,6,7
4480,4,4,9,7,6,4
4481,6,6,8,9,8,6
4482,5,6,9,7,8,4
4483,5,8,8,5,6,4
4484,6,6,10,7,5,5
4485,6,5,3,6,6,6
4486,7,4,5,5,6,6
4487,6,8,7,7,8,5
4488,7,6,5,6,5,3
4489,6,7,3,6,8,4
4490,6,5,8,7,9,9
4491,5,7,7,7,6,6
4492,7,7,8,8,8,5
4493,6,7,8,4,6,9
4494,9,7,5,6,5,9
4495,4,9,7,6,5,5
4496,8,6,5,4,9,2
4497,6,10,3,6,6,5
4498,4,9,5,5,8,6
4499,7,8,7,6,4,5
4500,4,7,10,8,5,9
4501,5,8,7,8,7,8
4502,6,6,6,7,6,3
4503,4,8,6,7,8,8
4504,3,7,7,6,8,4
4505,6,8,6,6,6,5
4506,6,8,6,6,7,9
4507,8,3,4,6,6,7
4508,4,3,6,5,10,2
4509,7,6,9,7,8,7
4510,4,10,5,5,9,9
4511,3,4,6,7,6,4
4512,7,6,9,6,9,8
4513,5,6,9,6,7,3
4514,5,9,5,10,5,3
4515,6,4,6,5,8,9
4516,3,7,2,5,7,3
4517,5,5,7,8,6,7
4518,6,5,7,7,4,2
4519,7,5,4,7,5,7
4520,5,9,5,6,8,4
4521,5,5,5,6,7,5
4522,4,9,4,10,7,9
4523,7,4,2,7,3,8
4524,4,7,6,6,6,5
4525,10,4,6,7,7,6
4526,7,6,3,8,5,7
4527,8,8,4,8,3,9
4528,7,7,6,9,10,6
4529,7,3,6,6,9,6
4530,3,7,9,6,7,6
4531,8,10,5,7,2,7
4532,3,8,5,6,8,7
4533,8,3,7,6,8,5
4534,7,1,3,9,5,4
4535,6,1,3,8,7,7
4536,7,6,5,10,4,7
4537,5,5,6,6,3,6
4538,5,10,5,6,6,9
4539,5,7,5,4,2,3
4540,8,7,5,5,7,9
4541,5,5,5,7,4,4
4542,4,4,3,7,7,5
4543,7,6,8,5,8,6
4544,10,7,7,4,5,7
4545,5,3,9,4,8,5
4546,7,5,9,5,3,2
4547,4,7,5,4,4,9
4548,4,3,5,4,8,6
4549,5,7,6,6,8,8
4550,5,7,8,5,9,2
4551,8,6,2,4,8,10
4552,10,7,7,5,7,5
4553,6,6,8,7,6,7
4554,5,6,7,5,10,6
4555,8,6,5,7,4,9
4556,3,7,9,6,4,5
4557,5,6,5,9,8,4
4558,7,10,9,8,9,8
4559,6,4,7,7,9,7
4560,10,10,6,8,5,6
4561,5,3,2,6,4,6
4562,4,5,6,6,6,10
4563,4,4,8,9,6,8
4564,6,4,3,5,5,7
4565,8,6,2,5,5,2
4566,5,8,4,7,6,7
4567,5,5,3,6,5,8
4568,10,5,6,4,5,7
4569,7,6,6,5,6,9
4570,7,5,4,7,7,5
4571,2,4,7,6,9,5
4572,4,6,7,5,3,5
4573,3,8,5,9,6,9
4574,7,5,4,9,6,8
4575,5,6,4,9,5,1
4576,6,6,5,7,3,7
4577,6,5,9,6,7,7
4578,6,7,3,7,8,6
4579,6,3,8,8,7,7
4580,3,5,3,4,7,7
4581,6,10,5,9,7,6
4582,9,8,6,7,8,5
4583,8,8,3,6,4,7
4584,8,9,6,5,5,4
4585,8,8,2,8,4,7
4586,7,5,7,8,4,9
4587,4,6,4,6,10,5
4588,5,3,7,5,6,7
4589,4,7,7,6,7,4
4590,5,3,9,5,6,10
4591,8,9,4,7,7,9
4592,9,6,6,6,9,4
4593,4,3,5,5,6,8
4594,3,4,5,8,6,5
4595,6,4,5,6,7,8
4596,5,3,4,6,7,4
4597,9,8,8,6,7,1
4598,5,6,4,7,6,6
4599,8,8,7,6,2,7
4600,9,6,6,8,10,9
4601,7,4,8,7,4,6
4602,6,8,7,5,6,6
4603,5,6,8,5,3,5
4604,1,4,3,3,8,5
4605,4,4,3,5,7,8
4606,7,9,4,8,9,2
4607,5,7,5,7,6,7
4608,9,10,6,9,7,7
4609,6,5,8,5,5,9
4610,5,6,4,6,8,2
4611,10,1,7,6,10,8
4612,4,4,3,4,5,8
4613,7,9,8,6,6,7
4614,7,3,4,5,10,3
4615,6,1,6,9,3,10
4616,5,7,7,7,4,8
4617,5,6,6,5,7,8
4618,3,6,7,8,6,6
4619,7,5,9,9,8,6
4620,1,4,5,9,6,8
4621,5,9,5,7,5,6
4622,5,8,6,6,6,6
4623,10,6,5,7,9,5
4624,1,5,5,6,3,5
4625,7,7,2,7,7,3
4626,5,9,5,6,3,6
4627,5,4,4,4,6,5
4628,4,6,8,6,5,6
4629,8,5,8,7,2,5
4630,6,4,3,7,7,8
4631,4,5,5,7,8,5
4632,1,9,4,5,5,9
4633,5,2,9,7,6,3
4634,7,7,4,6,10,3
4635,4,5,6,7,8,5
4636,4,5,8,7,7,9
4637,5,7,5,10,7,6
4638,3,7,7,7,8,8
4639,5,6,8,6,5,5
4640,9,7,5,6,7,8
4641,8,8,5,5,6,4
4642,7,7,9,6,6,7
4643,7,6,7,8,4,4
4644,3,5,7,6,7,4
4645,8,6,7,7,5,3
4646,7,6,6,6,5,6
4647,9,4,5,7,8,6
4648,7,4,7,7,6,10
4649,8,5,8,4,4,8
4650,4,10,7,7,6,3
4651,3,6,5,8,5,4
4652,6,6,4,5,7,6
4653,4,7,3,5,7,7
4654,7,4,9,8,5,5
4655,7,4,3,4,7,7
4656,8,8,7,7,6,8
4657,5,4,4,7,6,3
4658,6,2,4,4,5,10
4659,5,9,7,4,7,4
4660,3,7,7,8,6,7
4661,7,9,3,9,9,5
4662,4,2,5,7,10,4
4663,6,5,8,6,6,3
4664,5,9,6,8,5,8
4665,6,6,4,10,6,5
4666,7,6,5,8,8,8
4667,3,8,6,9,7,4
4668,9,9,8,7,5,7
4669,7,7,4,8,3,8
4670,6,3,7,10,6,6
4671,5,6,2,7,6,2
4672,4,9,10,9,8,4
4673,3,3,6,5,9,5
4674,5,5,8,7,10,3
4675,7,4,9,5,5,7
4676,7,6,6,5,4,7
4677,4,7,3,6,7,6
4678,6,1,6,5,2,5
4679,3,5,4,5,4,2
4680,8,7,7,7,10,3
4681,8,5,7,7,7,6
4682,8,7,7,6,5,7
4683,9,6,8,7,7,9
4684,5,5,1,6,10,4
4685,6,10,6,5,8,7
4686,9,4,5,7,9,4
4687,10,6,8,8,6,4
4688,2,7,4,7,8,6
4689,7,8,6,7,10,5
4690,7,6,5,8,3,4
4691,3,7,7,7,8,6
4692,9,5,4,7,5,9
4693,4,6,10,5,4,2
4694,6,5,4,9,5,4
4695,8,4,6,7,8,5
4696,4,1,3,9,4,9
4697,3,5,7,8,5,4
4698,6,6,6,5,6,6
4699,7,8,8,9,4,5
4700,3,6,7,8,3,7
4701,5,5,6,5,8,2
4702,5,8,5,7,6,7
4703,4,6,8,6,3,5
4704,9,7,10,6,9,5
4705,6,4,4,6,8,5
4706,7,8,10,7,4,9
4707,4,5,1,6,7,7
4708,6,7,6,6,5,4
4709,9,7,7,8,6,5
4710,4,4,9,7,6,4
4711,6,7,5,9,6,9
4712,8,6,7,6,2,8
4713,9,1,5,6,8,8
4714,10,7,6,7,5,4
4715,8,5,8,10,5,7
4716,3,7,8,8,5,10
4717,7,7,9,8,7,7
4718,7,4,8,7,7,5
4719,6,8,3,6,4,6
4720,6,8,8,7,9,5
4721,4,7,4,8,4,8
4722,5,6,9,5,4,3
4723,4,9,8,8,4,7
4724,2,4,6,5,5,7
4725,9,4,5,7,3,7
4726,6,5,10,4,1,5
4727,9,5,7,6,7,5
4728,7,7,6,7,5,8
4729,6,3,5,5,6,5
4730,7,5,4,8,3,6
4731,6,9,6,8,5,6
4732,9,8,7,6,6,8
4733,10,5,10,7,9,6
4734,4,2,8,7,4,6
4735,10,8,8,5,8,4
4736,4,7,6,6,5,6
4737,4,7,6,5,6,10
4738,5,6,7,8,8,7
4739,9,7,6,5,4,6
4740,8,2,6,4,8,2
4741,5,5,8,7,5,5
4742,9,3,5,7,4,2
4743,2,8,7,4,10,6
4744,5,4,6,6,7,9
4745,7,5,6,9,7,9
4746,4,7,8,7,9,8
4747,9,8,10,7,5,6
4748,5,6,2,6,1,5
4749,6,4,5,5,9,8
4750,3,5,8,5,8,2
4751,9,5,6,7,4,7
4752,6,3,10,8,4,9
4753,6,6,6,6,7,7
4754,5,8,7,7,4,9
4755,9,8,2,4,4,5
4756,9,6,6,6,7,9
4757,5,9,6,5,3,5
4758,4,7,7,6,3,4
4759,7,6,6,6,8,8
4760,5,8,6,8,6,7
4761,5,7,6,7,7,9
4762,4,2,3,7,3,5
4763,6,6,4,7,4,8
4764,7,6,6,6,9,2
4765,5,7,6,7,8,6
4766,4,7,5,8,6,4
4767,6,3,8,6,7,5
4768,6,5,7,8,4,2
4769,5,8,3,5,6,7
4770,7,5,4,7,7,6
4771,4,3,10,8,4,4
4772,7,6,7,7,6,6
4773,3,6,4,4,5,7
4774,3,5,2,5,8,8
4775,4,4,8,8,8,4
4776,3,8,7,8,4,5
4777,6,4,5,9,7,6
4778,9,5,7,6,8,5
4779,3,8,5,7,6,1
4780,7,7,5,6,6,8
4781,4,9,6,5,10,7
4782,4,8,8,5,7,8
4783,2,7,9,5,3,8
4784,5,6,6,6,9,5
4785,9,6,9,6,6,4
4786,8,6,7,4,5,4
4787,5,8,7,7,6,7
4788,5,3,6,6,9,5
4789,6,6,4,8,3,5
4790,9,5,5,9,3,5
4791,6,2,6,7,9,4
4792,7,9,6,9,6,4
4793,6,2,6,7,6,5
4794,5,5,6,7,6,7
4795,5,5,9,6,5,5
4796,8,8,6,6,7,3
4797,4,6,5,8,9,4
4798,6,3,10,5,9,6
4799,6,8,7,7,8,4
4800,7,5,7,8,8,5
4801,6,2,6,5,3,7
4802,3,7,7,7,8,5
4803,5,10,6,9,3,8
4804,10,7,6,10,6,6
4805,6,8,5,9,3,7
4806,2,8,5,8,7,6
4807,7,3,3,7,5,9
4808,5,6,4,6,7,5
4809,10,7,9,8,10,6
4810,3,5,5,5,2,6
4811,7,4,4,5,4,4
4812,5,9,4,9,3,6
4813,5,5,1,7,6,6
4814,6,6,6,5,4,4
4815,8,6,5,7,9,4
4816,6,10,8,8,7,4
4817,6,9,4,7,7,9
4818,2,8,8,7,6,3
4819,5,7,2,7,9,5
4820,6,7,6,7,6,7
4821,4,10,4,8,3,3
4822,5,6,6,5,5,3
4823,7,4,6,5,9,5
4824,5,6,3,5,4,6
4825,4,6,7,5,5,7
4826,2,8,4,9,4,6
4827,4,6,3,8,5,4
4828,5,8,5,5,4,8
4829,7,6,1,6,5,5
4830,10,6,10,6,6,7
4831,6,4,6,5,10,8
4832,8,5,6,7,6,5
4833,5,8,6,7,4,5
4834,6,9,5,4,6,4
4835,8,6,7,3,7,5
4836,2,7,6,7,2,3
4837,6,4,6,9,7,7
4838,7,6,10,8,7,5
4839,6,5,9,5,6,4
4840,10,3,5,6,6,4
4841,6,10,6,7,7,6
4842,7,3,4,7,5,8
4843,4,8,6,7,4,7
4844,5,7,5,7,7,7
4845,6,8,6,8,6,5
4846,6,5,5,7,3,6
4847,6,8,8,4,6,5
4848,3,8,5,6,6,7
4849,7,4,6,5,3,10
4850,3,4,3,7,7,2
4851,4,6,6,9,5,9
4852,7,4,5,7,7,7
4853,8,6,6,6,6,5
4854,8,6,7,8,9,9
4855,9,2,3,7,6,6
4856,7,9,10,7,10,6
4857,6,4,6,6,10,7
4858,6,3,6,8,6,7
4859,4,3,10,7,6,3
4860,8,9,7,8,7,5
4861,3,7,8,8,3,6
4862,4,7,8,10,7,4
4863,7,5,8,9,6,8
4864,3,4,10,8,9,6
4865,4,6,9,9,6,3
4866,6,10,7,5,7,3
4867,8,5,7,8,8,5
4868,6,7,7,7,8,6
4869,5,7,5,6,6,8
4870,5,9,6,8,8,8
4871,3,9,3,8,9,4
4872,6,4,10,8,8,9
4873,5,5,9,6,3,6
4874,4,5,7,6,5,7
4875,4,3,5,9,5,6
4876,5,6,6,7,8,5
4877,8,6,6,7,4,6
4878,9,4,6,7,5,4
4879,3,10,6,7,4,5
4880,8,3,6,8,9,3
4881,5,4,6,5,6,6
4882,4,5,6,6,5,1
4883,10,7,5,9,10,9
4884,5,5,10,10,5,8
4885,5,8,6,5,8,9
4886,9,2,9,6,6,4
4887,5,9,8,6,7,10
4888,9,5,8,6,5,6
4889,2,3,9,7,7,6
4890,4,8,5,7,7,5
4891,2,8,5,6,4,3
4892,7,2,7,7,4,10
4893,7,10,4,8,9,2
4894,7,3,9,7,7,9
4895,4,8,5,9,6,5
4896,7,2,4,6,8,7
4897,7,4,3,6,8,7
4898,6,7,6,3,8,8
4899,7,6,6,7,8,3
4900,6,7,7,5,8,5
4901,9,4,6,7,4,5
4902,4,5,5,3,7,7
4903,7,3,5,4,7,3
4904,8,5,8,7,5,4
4905,9,8,4,7,5,6
4906,4,7,7,6,7,7
4907,9,6,5,8,5,3
4908,8,6,7,7,7,5
4909,5,3,6,6,7,8
4910,4,9,9,8,8,5
4911,7,7,10,9,2,5
4912,9,5,8,5,9,6
4913,6,10,7,7,7,3
4914,6,5,1,4,6,4
4915,8,4,6,6,7,6
4916,6,7,3,7,6,5
4917,6,4,5,6,7,6
4918,5,3,5,7,3,6
4919,1,8,7,5,4,2
4920,6,6,2,6,8,7
4921,10,10,9,9,6,7
4922,7,5,6,8,6,7
4923,5,7,5,4,10,6
4924,7,5,6,8,7,9
4925,5,6,8,8,5,8
4926,8,7,3,4,7,4
4927,8,9,3,8,5,4
4928,7,6,6,5,5,6
4929,5,7,8,7,8,4
4930,8,5,5,6,5,5
4931,8,7,7,8,7,7
4932,6,6,9,5,5,8
4933,3,9,4,5,5,7
4934,6,8,6,5,6,8
4935,6,5,7,6,5,5
4936,8,6,5,9,1,8
4937,6,3,4,7,7,8
4938,5,10,3,5,5,7
4939,8,7,8,7,6,4
4940,7,6,8,7,5,6
4941,5,10,5,8,2,3
4942,4,6,9,8,8,6
4943,8,6,5,5,10,8
4944,4,6,4,5,7,6
4945,7,7,5,3,6,10
4946,8,4,9,6,4,3
4947,6,6,6,5,4,4
4948,3,7,8,3,1,9
4949,8,6,5,5,5,6
4950,3,6,6,8,2,6
4951,7,10,4,6,3,5
4952,7,8,7,7,1,4
4953,5,8,6,7,6,8
4954,5,3,6,9,6,9
4955,6,3,4,9,6,7
4956,6,6,3,7,8,9
4957,10,5,6,6,6,5
4958,5,8,6,6,7,5
4959,7,10,4,5,5,6
4960,5,4,8,9,7,5
4961,4,5,8,7,10,4
4962,6,5,2,7,8,9
4963,6,3,8,7,4,6
4964,5,6,10,7,6,5
4965,6,4,5,4,10,3
4966,5,5,3,8,3,5
4967,7,7,4,6,10,8
4968,5,5,8,6,7,7
4969,4,9,6,6,5,7
4970,4,8,5,8,7,7
4971,7,5,9,8,6,6
4972,7,6,7,7,5,10
4973,10,6,7,5,10,7
4974,3,6,3,7,4,3
4975,7,5,7,6,8,10
4976,5,7,9,9,5,6
4977,2,4,7,9,5,9
4978,5,6,5,7,4,6
4979,6,4,9,9,4,6
4980,5,5,6,7,8,4
4981,6,4,5,6,1,8
4982,7,6,5,8,5,4
4983,7,5,5,7,10,4
4984,3,4,8,7,6,7
4985,6,6,3,8,8,4
4986,4,3,7,8,3,5
4987,4,5,5,9,7,3
4988,7,3,8,8,1,3
4989,8,5,9,7,10,7
4990,8,4,5,7,4,8
4991,4,6,4,6,7,6
4992,6,7,5,9,7,5
4993,7,5,7,6,6,4
4994,8,2,4,2,5,8
4995,7,5,4,6,8,6
4996,7,3,5,8,7,3
4997,6,5,8,7,8,5
4998,6,8,3,8,7,9
4999,6,6,8,5,7,6
5000,8,7,4,8,5,7
